board,code,unit_or_component,year,series,type,path,url,bytes,status
CAIE,9701,syllabus,2025-2027,,spec,specs/9701-2025-2027.pdf,https://www.cambridgeinternational.org/Images/664563-2025-2027-syllabus.pdf,4091637,OK
CAIE,9701,syllabus,2028-2030,,spec,specs/9701-2028-2030.pdf,https://www.cambridgeinternational.org/Images/744624-2028-2030-syllabus.pdf,3724344,OK
CAIE,9702,syllabus,2025-2027,,spec,specs/9702-2025-2027.pdf,https://www.cambridgeinternational.org/Images/664565-2025-2027-syllabus.pdf,2553732,OK
CAIE,9702,syllabus,2028-2030,,spec,specs/9702-2028-2030.pdf,https://www.cambridgeinternational.org/Images/744626-2028-2030-syllabus.pdf,3673045,OK
Pearson_IAL,MATHS,syllabus,2018,,spec,specs/ial-maths-spec.pdf,https://qualifications.pearson.com/content/dam/pdf/International%20Advanced%20Level/Mathematics/2018/Specification-and-Sample-Assessment/international-a-level-maths-spec.pdf,2438609,OK
Pearson_IAL,MATHS,formula_book,2018,,spec,specs/ial-maths-formula-book.pdf,https://qualifications.pearson.com/content/dam/pdf/International%20Advanced%20Level/Mathematics/2018/Specification-and-Sample-Assessment/IAL-Mathematics-Formula-Book.pdf,1731630,OK
CAIE,9701,data_booklet,2022+,,spec,,N/A - discontinued by CAIE for 2022+ syllabus (data now embedded per-question),,NOT_APPLICABLE
CAIE,9701,11,2019,s,qp,papers/9701/2019/s/9701_s19_qp_11.pdf,https://pastpapers.papacambridge.com/directories/CAIE/CAIE-pastpapers/upload/9701_s19_qp_11.pdf,325015,OK
CAIE,9701,11,2019,s,ms,papers/9701/2019/s/9701_s19_ms_11.pdf,https://pastpapers.papacambridge.com/directories/CAIE/CAIE-pastpapers/upload/9701_s19_ms_11.pdf,99389,OK
CAIE,9701,12,2019,s,qp,papers/9701/2019/s/9701_s19_qp_12.pdf,https://pastpapers.papacambridge.com/directories/CAIE/CAIE-pastpapers/upload/9701_s19_qp_12.pdf,324158,OK
CAIE,9701,12,2019,s,ms,papers/9701/2019/s/9701_s19_ms_12.pdf,https://pastpapers.papacambridge.com/directories/CAIE/CAIE-pastpapers/upload/9701_s19_ms_12.pdf,99373,OK
CAIE,9701,13,2019,s,qp,papers/9701/2019/s/9701_s19_qp_13.pdf,https://pastpapers.papacambridge.com/directories/CAIE/CAIE-pastpapers/upload/9701_s19_qp_13.pdf,340792,OK
CAIE,9701,13,2019,s,ms,papers/9701/2019/s/9701_s19_ms_13.pdf,https://pastpapers.papacambridge.com/directories/CAIE/CAIE-pastpapers/upload/9701_s19_ms_13.pdf,99390,OK
CAIE,9701,22,2019,s,qp,papers/9701/2019/s/9701_s19_qp_22.pdf,https://pastpapers.papacambridge.com/directories/CAIE/CAIE-pastpapers/upload/9701_s19_qp_22.pdf,1135955,OK
CAIE,9701,22,2019,s,ms,papers/9701/2019/s/9701_s19_ms_22.pdf,https://pastpapers.papacambridge.com/directories/CAIE/CAIE-pastpapers/upload/9701_s19_ms_22.pdf,249626,OK
CAIE,9701,33,2019,s,qp,papers/9701/2019/s/9701_s19_qp_33.pdf,https://pastpapers.papacambridge.com/directories/CAIE/CAIE-pastpapers/upload/9701_s19_qp_33.pdf,1229093,OK
CAIE,9701,33,2019,s,ms,papers/9701/2019/s/9701_s19_ms_33.pdf,https://pastpapers.papacambridge.com/directories/CAIE/CAIE-pastpapers/upload/9701_s19_ms_33.pdf,193772,OK
CAIE,9701,33,2019,s,ci,papers/9701/2019/s/9701_s19_ci_33.pdf,https://pastpapers.papacambridge.com/directories/CAIE/CAIE-pastpapers/upload/9701_s19_ci_33.pdf,1099109,OK
CAIE,9701,34,2019,s,qp,papers/9701/2019/s/9701_s19_qp_34.pdf,https://pastpapers.papacambridge.com/directories/CAIE/CAIE-pastpapers/upload/9701_s19_qp_34.pdf,1214597,OK
CAIE,9701,34,2019,s,ms,papers/9701/2019/s/9701_s19_ms_34.pdf,https://pastpapers.papacambridge.com/directories/CAIE/CAIE-pastpapers/upload/9701_s19_ms_34.pdf,248269,OK
CAIE,9701,34,2019,s,ci,papers/9701/2019/s/9701_s19_ci_34.pdf,https://pastpapers.papacambridge.com/directories/CAIE/CAIE-pastpapers/upload/9701_s19_ci_34.pdf,864524,OK
CAIE,9701,er,2019,s,er,papers/9701/2019/s/9701_s19_er.pdf,https://pastpapers.papacambridge.com/directories/CAIE/CAIE-pastpapers/upload/9701_s19_er.pdf,4214480,OK
CAIE,9701,gt,2019,s,gt,papers/9701/2019/s/9701_s19_gt.pdf,https://pastpapers.papacambridge.com/directories/CAIE/CAIE-pastpapers/upload/9701_s19_gt.pdf,125132,OK
CAIE,9701,11,2019,w,qp,papers/9701/2019/w/9701_w19_qp_11.pdf,https://pastpapers.papacambridge.com/directories/CAIE/CAIE-pastpapers/upload/9701_w19_qp_11.pdf,349731,OK
CAIE,9701,11,2019,w,ms,papers/9701/2019/w/9701_w19_ms_11.pdf,https://pastpapers.papacambridge.com/directories/CAIE/CAIE-pastpapers/upload/9701_w19_ms_11.pdf,99626,OK
CAIE,9701,12,2019,w,qp,papers/9701/2019/w/9701_w19_qp_12.pdf,https://pastpapers.papacambridge.com/directories/CAIE/CAIE-pastpapers/upload/9701_w19_qp_12.pdf,329941,OK
CAIE,9701,12,2019,w,ms,papers/9701/2019/w/9701_w19_ms_12.pdf,https://pastpapers.papacambridge.com/directories/CAIE/CAIE-pastpapers/upload/9701_w19_ms_12.pdf,99583,OK
CAIE,9701,13,2019,w,qp,papers/9701/2019/w/9701_w19_qp_13.pdf,https://pastpapers.papacambridge.com/directories/CAIE/CAIE-pastpapers/upload/9701_w19_qp_13.pdf,386546,OK
CAIE,9701,13,2019,w,ms,papers/9701/2019/w/9701_w19_ms_13.pdf,https://pastpapers.papacambridge.com/directories/CAIE/CAIE-pastpapers/upload/9701_w19_ms_13.pdf,114358,OK
CAIE,9701,22,2019,w,qp,papers/9701/2019/w/9701_w19_qp_22.pdf,https://pastpapers.papacambridge.com/directories/CAIE/CAIE-pastpapers/upload/9701_w19_qp_22.pdf,1384429,OK
CAIE,9701,22,2019,w,ms,papers/9701/2019/w/9701_w19_ms_22.pdf,https://pastpapers.papacambridge.com/directories/CAIE/CAIE-pastpapers/upload/9701_w19_ms_22.pdf,225810,OK
CAIE,9701,33,2019,w,qp,papers/9701/2019/w/9701_w19_qp_33.pdf,https://pastpapers.papacambridge.com/directories/CAIE/CAIE-pastpapers/upload/9701_w19_qp_33.pdf,877379,OK
CAIE,9701,33,2019,w,ms,papers/9701/2019/w/9701_w19_ms_33.pdf,https://pastpapers.papacambridge.com/directories/CAIE/CAIE-pastpapers/upload/9701_w19_ms_33.pdf,250116,OK
CAIE,9701,33,2019,w,ci,papers/9701/2019/w/9701_w19_ci_33.pdf,https://pastpapers.papacambridge.com/directories/CAIE/CAIE-pastpapers/upload/9701_w19_ci_33.pdf,831051,OK
CAIE,9701,34,2019,w,qp,papers/9701/2019/w/9701_w19_qp_34.pdf,https://pastpapers.papacambridge.com/directories/CAIE/CAIE-pastpapers/upload/9701_w19_qp_34.pdf,1222319,OK
CAIE,9701,34,2019,w,ms,papers/9701/2019/w/9701_w19_ms_34.pdf,https://pastpapers.papacambridge.com/directories/CAIE/CAIE-pastpapers/upload/9701_w19_ms_34.pdf,225450,OK
CAIE,9701,34,2019,w,ci,papers/9701/2019/w/9701_w19_ci_34.pdf,https://pastpapers.papacambridge.com/directories/CAIE/CAIE-pastpapers/upload/9701_w19_ci_34.pdf,829687,OK
CAIE,9701,er,2019,w,er,papers/9701/2019/w/9701_w19_er.pdf,https://pastpapers.papacambridge.com/directories/CAIE/CAIE-pastpapers/upload/9701_w19_er.pdf,3183486,OK
CAIE,9701,gt,2019,w,gt,papers/9701/2019/w/9701_w19_gt.pdf,https://pastpapers.papacambridge.com/directories/CAIE/CAIE-pastpapers/upload/9701_w19_gt.pdf,124022,OK
CAIE,9701,11,2020,s,qp,papers/9701/2020/s/9701_s20_qp_11.pdf,https://pastpapers.papacambridge.com/directories/CAIE/CAIE-pastpapers/upload/9701_s20_qp_11.pdf,291138,OK
CAIE,9701,11,2020,s,ms,papers/9701/2020/s/9701_s20_ms_11.pdf,https://pastpapers.papacambridge.com/directories/CAIE/CAIE-pastpapers/upload/9701_s20_ms_11.pdf,132898,OK
CAIE,9701,12,2020,s,qp,papers/9701/2020/s/9701_s20_qp_12.pdf,https://pastpapers.papacambridge.com/directories/CAIE/CAIE-pastpapers/upload/9701_s20_qp_12.pdf,351460,OK
CAIE,9701,12,2020,s,ms,papers/9701/2020/s/9701_s20_ms_12.pdf,https://pastpapers.papacambridge.com/directories/CAIE/CAIE-pastpapers/upload/9701_s20_ms_12.pdf,132890,OK
CAIE,9701,13,2020,s,qp,papers/9701/2020/s/9701_s20_qp_13.pdf,https://pastpapers.papacambridge.com/directories/CAIE/CAIE-pastpapers/upload/9701_s20_qp_13.pdf,355162,OK
CAIE,9701,13,2020,s,ms,papers/9701/2020/s/9701_s20_ms_13.pdf,https://pastpapers.papacambridge.com/directories/CAIE/CAIE-pastpapers/upload/9701_s20_ms_13.pdf,132901,OK
CAIE,9701,22,2020,s,qp,papers/9701/2020/s/9701_s20_qp_22.pdf,https://pastpapers.papacambridge.com/directories/CAIE/CAIE-pastpapers/upload/9701_s20_qp_22.pdf,1060536,OK
CAIE,9701,22,2020,s,ms,papers/9701/2020/s/9701_s20_ms_22.pdf,https://pastpapers.papacambridge.com/directories/CAIE/CAIE-pastpapers/upload/9701_s20_ms_22.pdf,270196,OK
CAIE,9701,33,2020,s,qp,papers/9701/2020/s/9701_s20_qp_33.pdf,https://pastpapers.papacambridge.com/directories/CAIE/CAIE-pastpapers/upload/9701_s20_qp_33.pdf,1066701,OK
CAIE,9701,33,2020,s,ms,papers/9701/2020/s/9701_s20_ms_33.pdf,https://pastpapers.papacambridge.com/directories/CAIE/CAIE-pastpapers/upload/9701_s20_ms_33.pdf,274235,OK
CAIE,9701,33,2020,s,ci,papers/9701/2020/s/9701_s20_ci_33.pdf,https://pastpapers.papacambridge.com/directories/CAIE/CAIE-pastpapers/upload/9701_s20_ci_33.pdf,1149073,OK
CAIE,9701,34,2020,s,qp,papers/9701/2020/s/9701_s20_qp_34.pdf,https://pastpapers.papacambridge.com/directories/CAIE/CAIE-pastpapers/upload/9701_s20_qp_34.pdf,1062222,OK
CAIE,9701,34,2020,s,ms,papers/9701/2020/s/9701_s20_ms_34.pdf,https://pastpapers.papacambridge.com/directories/CAIE/CAIE-pastpapers/upload/9701_s20_ms_34.pdf,271444,OK
CAIE,9701,34,2020,s,ci,papers/9701/2020/s/9701_s20_ci_34.pdf,https://pastpapers.papacambridge.com/directories/CAIE/CAIE-pastpapers/upload/9701_s20_ci_34.pdf,1170403,OK
CAIE,9701,er,2020,s,er,,https://pastpapers.papacambridge.com/directories/CAIE/CAIE-pastpapers/upload/9701_s20_er.pdf,,MISSING
CAIE,9701,gt,2020,s,gt,,https://pastpapers.papacambridge.com/directories/CAIE/CAIE-pastpapers/upload/9701_s20_gt.pdf,,MISSING
CAIE,9701,11,2020,w,qp,papers/9701/2020/w/9701_w20_qp_11.pdf,https://pastpapers.papacambridge.com/directories/CAIE/CAIE-pastpapers/upload/9701_w20_qp_11.pdf,408952,OK
CAIE,9701,11,2020,w,ms,papers/9701/2020/w/9701_w20_ms_11.pdf,https://pastpapers.papacambridge.com/directories/CAIE/CAIE-pastpapers/upload/9701_w20_ms_11.pdf,156811,OK
CAIE,9701,12,2020,w,qp,papers/9701/2020/w/9701_w20_qp_12.pdf,https://pastpapers.papacambridge.com/directories/CAIE/CAIE-pastpapers/upload/9701_w20_qp_12.pdf,333132,OK
CAIE,9701,12,2020,w,ms,papers/9701/2020/w/9701_w20_ms_12.pdf,https://pastpapers.papacambridge.com/directories/CAIE/CAIE-pastpapers/upload/9701_w20_ms_12.pdf,145288,OK
CAIE,9701,13,2020,w,qp,papers/9701/2020/w/9701_w20_qp_13.pdf,https://pastpapers.papacambridge.com/directories/CAIE/CAIE-pastpapers/upload/9701_w20_qp_13.pdf,399725,OK
CAIE,9701,13,2020,w,ms,papers/9701/2020/w/9701_w20_ms_13.pdf,https://pastpapers.papacambridge.com/directories/CAIE/CAIE-pastpapers/upload/9701_w20_ms_13.pdf,145307,OK
CAIE,9701,22,2020,w,qp,papers/9701/2020/w/9701_w20_qp_22.pdf,https://pastpapers.papacambridge.com/directories/CAIE/CAIE-pastpapers/upload/9701_w20_qp_22.pdf,1651821,OK
CAIE,9701,22,2020,w,ms,papers/9701/2020/w/9701_w20_ms_22.pdf,https://pastpapers.papacambridge.com/directories/CAIE/CAIE-pastpapers/upload/9701_w20_ms_22.pdf,264461,OK
CAIE,9701,33,2020,w,qp,papers/9701/2020/w/9701_w20_qp_33.pdf,https://pastpapers.papacambridge.com/directories/CAIE/CAIE-pastpapers/upload/9701_w20_qp_33.pdf,993829,OK
CAIE,9701,33,2020,w,ms,papers/9701/2020/w/9701_w20_ms_33.pdf,https://pastpapers.papacambridge.com/directories/CAIE/CAIE-pastpapers/upload/9701_w20_ms_33.pdf,296282,OK
CAIE,9701,33,2020,w,ci,papers/9701/2020/w/9701_w20_ci_33.pdf,https://pastpapers.papacambridge.com/directories/CAIE/CAIE-pastpapers/upload/9701_w20_ci_33.pdf,1284635,OK
CAIE,9701,34,2020,w,qp,papers/9701/2020/w/9701_w20_qp_34.pdf,https://pastpapers.papacambridge.com/directories/CAIE/CAIE-pastpapers/upload/9701_w20_qp_34.pdf,1289685,OK
CAIE,9701,34,2020,w,ms,papers/9701/2020/w/9701_w20_ms_34.pdf,https://pastpapers.papacambridge.com/directories/CAIE/CAIE-pastpapers/upload/9701_w20_ms_34.pdf,317463,OK
CAIE,9701,34,2020,w,ci,papers/9701/2020/w/9701_w20_ci_34.pdf,https://pastpapers.papacambridge.com/directories/CAIE/CAIE-pastpapers/upload/9701_w20_ci_34.pdf,1282381,OK
CAIE,9701,er,2020,w,er,papers/9701/2020/w/9701_w20_er.pdf,https://pastpapers.papacambridge.com/directories/CAIE/CAIE-pastpapers/upload/9701_w20_er.pdf,3152785,OK
CAIE,9701,gt,2020,w,gt,papers/9701/2020/w/9701_w20_gt.pdf,https://pastpapers.papacambridge.com/directories/CAIE/CAIE-pastpapers/upload/9701_w20_gt.pdf,135067,OK
CAIE,9701,11,2021,s,qp,papers/9701/2021/s/9701_s21_qp_11.pdf,https://pastpapers.papacambridge.com/directories/CAIE/CAIE-pastpapers/upload/9701_s21_qp_11.pdf,398336,OK
CAIE,9701,11,2021,s,ms,papers/9701/2021/s/9701_s21_ms_11.pdf,https://pastpapers.papacambridge.com/directories/CAIE/CAIE-pastpapers/upload/9701_s21_ms_11.pdf,163480,OK
CAIE,9701,12,2021,s,qp,papers/9701/2021/s/9701_s21_qp_12.pdf,https://pastpapers.papacambridge.com/directories/CAIE/CAIE-pastpapers/upload/9701_s21_qp_12.pdf,423387,OK
CAIE,9701,12,2021,s,ms,papers/9701/2021/s/9701_s21_ms_12.pdf,https://pastpapers.papacambridge.com/directories/CAIE/CAIE-pastpapers/upload/9701_s21_ms_12.pdf,163477,OK
CAIE,9701,13,2021,s,qp,papers/9701/2021/s/9701_s21_qp_13.pdf,https://pastpapers.papacambridge.com/directories/CAIE/CAIE-pastpapers/upload/9701_s21_qp_13.pdf,353615,OK
CAIE,9701,13,2021,s,ms,papers/9701/2021/s/9701_s21_ms_13.pdf,https://pastpapers.papacambridge.com/directories/CAIE/CAIE-pastpapers/upload/9701_s21_ms_13.pdf,163479,OK
CAIE,9701,22,2021,s,qp,papers/9701/2021/s/9701_s21_qp_22.pdf,https://pastpapers.papacambridge.com/directories/CAIE/CAIE-pastpapers/upload/9701_s21_qp_22.pdf,716397,OK
CAIE,9701,22,2021,s,ms,papers/9701/2021/s/9701_s21_ms_22.pdf,https://pastpapers.papacambridge.com/directories/CAIE/CAIE-pastpapers/upload/9701_s21_ms_22.pdf,292228,OK
CAIE,9701,33,2021,s,qp,papers/9701/2021/s/9701_s21_qp_33.pdf,https://pastpapers.papacambridge.com/directories/CAIE/CAIE-pastpapers/upload/9701_s21_qp_33.pdf,789992,OK
CAIE,9701,33,2021,s,ms,papers/9701/2021/s/9701_s21_ms_33.pdf,https://pastpapers.papacambridge.com/directories/CAIE/CAIE-pastpapers/upload/9701_s21_ms_33.pdf,290819,OK
CAIE,9701,33,2021,s,ci,,https://pastpapers.papacambridge.com/directories/CAIE/CAIE-pastpapers/upload/9701_s21_ci_33.pdf,,MISSING
CAIE,9701,34,2021,s,qp,papers/9701/2021/s/9701_s21_qp_34.pdf,https://pastpapers.papacambridge.com/directories/CAIE/CAIE-pastpapers/upload/9701_s21_qp_34.pdf,794318,OK
CAIE,9701,34,2021,s,ms,papers/9701/2021/s/9701_s21_ms_34.pdf,https://pastpapers.papacambridge.com/directories/CAIE/CAIE-pastpapers/upload/9701_s21_ms_34.pdf,315828,OK
CAIE,9701,34,2021,s,ci,,https://pastpapers.papacambridge.com/directories/CAIE/CAIE-pastpapers/upload/9701_s21_ci_34.pdf,,MISSING
CAIE,9701,er,2021,s,er,papers/9701/2021/s/9701_s21_er.pdf,https://pastpapers.papacambridge.com/directories/CAIE/CAIE-pastpapers/upload/9701_s21_er.pdf,2935968,OK
CAIE,9701,gt,2021,s,gt,papers/9701/2021/s/9701_s21_gt.pdf,https://pastpapers.papacambridge.com/directories/CAIE/CAIE-pastpapers/upload/9701_s21_gt.pdf,142740,OK
CAIE,9701,11,2021,w,qp,papers/9701/2021/w/9701_w21_qp_11.pdf,https://pastpapers.papacambridge.com/directories/CAIE/CAIE-pastpapers/upload/9701_w21_qp_11.pdf,356537,OK
CAIE,9701,11,2021,w,ms,papers/9701/2021/w/9701_w21_ms_11.pdf,https://pastpapers.papacambridge.com/directories/CAIE/CAIE-pastpapers/upload/9701_w21_ms_11.pdf,163509,OK
CAIE,9701,12,2021,w,qp,papers/9701/2021/w/9701_w21_qp_12.pdf,https://pastpapers.papacambridge.com/directories/CAIE/CAIE-pastpapers/upload/9701_w21_qp_12.pdf,326083,OK
CAIE,9701,12,2021,w,ms,papers/9701/2021/w/9701_w21_ms_12.pdf,https://pastpapers.papacambridge.com/directories/CAIE/CAIE-pastpapers/upload/9701_w21_ms_12.pdf,163501,OK
CAIE,9701,13,2021,w,qp,papers/9701/2021/w/9701_w21_qp_13.pdf,https://pastpapers.papacambridge.com/directories/CAIE/CAIE-pastpapers/upload/9701_w21_qp_13.pdf,356565,OK
CAIE,9701,13,2021,w,ms,papers/9701/2021/w/9701_w21_ms_13.pdf,https://pastpapers.papacambridge.com/directories/CAIE/CAIE-pastpapers/upload/9701_w21_ms_13.pdf,163511,OK
CAIE,9701,22,2021,w,qp,papers/9701/2021/w/9701_w21_qp_22.pdf,https://pastpapers.papacambridge.com/directories/CAIE/CAIE-pastpapers/upload/9701_w21_qp_22.pdf,1189646,OK
CAIE,9701,22,2021,w,ms,papers/9701/2021/w/9701_w21_ms_22.pdf,https://pastpapers.papacambridge.com/directories/CAIE/CAIE-pastpapers/upload/9701_w21_ms_22.pdf,360252,OK
CAIE,9701,33,2021,w,qp,papers/9701/2021/w/9701_w21_qp_33.pdf,https://pastpapers.papacambridge.com/directories/CAIE/CAIE-pastpapers/upload/9701_w21_qp_33.pdf,1212257,OK
CAIE,9701,33,2021,w,ms,papers/9701/2021/w/9701_w21_ms_33.pdf,https://pastpapers.papacambridge.com/directories/CAIE/CAIE-pastpapers/upload/9701_w21_ms_33.pdf,287981,OK
CAIE,9701,33,2021,w,ci,papers/9701/2021/w/9701_w21_ci_33.pdf,https://pastpapers.papacambridge.com/directories/CAIE/CAIE-pastpapers/upload/9701_w21_ci_33.pdf,1109266,OK
CAIE,9701,34,2021,w,qp,papers/9701/2021/w/9701_w21_qp_34.pdf,https://pastpapers.papacambridge.com/directories/CAIE/CAIE-pastpapers/upload/9701_w21_qp_34.pdf,1306924,OK
CAIE,9701,34,2021,w,ms,papers/9701/2021/w/9701_w21_ms_34.pdf,https://pastpapers.papacambridge.com/directories/CAIE/CAIE-pastpapers/upload/9701_w21_ms_34.pdf,306960,OK
CAIE,9701,34,2021,w,ci,papers/9701/2021/w/9701_w21_ci_34.pdf,https://pastpapers.papacambridge.com/directories/CAIE/CAIE-pastpapers/upload/9701_w21_ci_34.pdf,1129568,OK
CAIE,9701,er,2021,w,er,papers/9701/2021/w/9701_w21_er.pdf,https://pastpapers.papacambridge.com/directories/CAIE/CAIE-pastpapers/upload/9701_w21_er.pdf,5592599,OK
CAIE,9701,gt,2021,w,gt,papers/9701/2021/w/9701_w21_gt.pdf,https://pastpapers.papacambridge.com/directories/CAIE/CAIE-pastpapers/upload/9701_w21_gt.pdf,144817,OK
CAIE,9701,11,2022,s,qp,papers/9701/2022/s/9701_s22_qp_11.pdf,https://pastpapers.papacambridge.com/directories/CAIE/CAIE-pastpapers/upload/9701_s22_qp_11.pdf,432389,OK
CAIE,9701,11,2022,s,ms,papers/9701/2022/s/9701_s22_ms_11.pdf,https://pastpapers.papacambridge.com/directories/CAIE/CAIE-pastpapers/upload/9701_s22_ms_11.pdf,163341,OK
CAIE,9701,12,2022,s,qp,papers/9701/2022/s/9701_s22_qp_12.pdf,https://pastpapers.papacambridge.com/directories/CAIE/CAIE-pastpapers/upload/9701_s22_qp_12.pdf,390991,OK
CAIE,9701,12,2022,s,ms,papers/9701/2022/s/9701_s22_ms_12.pdf,https://pastpapers.papacambridge.com/directories/CAIE/CAIE-pastpapers/upload/9701_s22_ms_12.pdf,163364,OK
CAIE,9701,13,2022,s,qp,papers/9701/2022/s/9701_s22_qp_13.pdf,https://pastpapers.papacambridge.com/directories/CAIE/CAIE-pastpapers/upload/9701_s22_qp_13.pdf,464955,OK
CAIE,9701,13,2022,s,ms,papers/9701/2022/s/9701_s22_ms_13.pdf,https://pastpapers.papacambridge.com/directories/CAIE/CAIE-pastpapers/upload/9701_s22_ms_13.pdf,163378,OK
CAIE,9701,22,2022,s,qp,papers/9701/2022/s/9701_s22_qp_22.pdf,https://pastpapers.papacambridge.com/directories/CAIE/CAIE-pastpapers/upload/9701_s22_qp_22.pdf,1374045,OK
CAIE,9701,22,2022,s,ms,papers/9701/2022/s/9701_s22_ms_22.pdf,https://pastpapers.papacambridge.com/directories/CAIE/CAIE-pastpapers/upload/9701_s22_ms_22.pdf,366108,OK
CAIE,9701,33,2022,s,qp,papers/9701/2022/s/9701_s22_qp_33.pdf,https://pastpapers.papacambridge.com/directories/CAIE/CAIE-pastpapers/upload/9701_s22_qp_33.pdf,1197746,OK
CAIE,9701,33,2022,s,ms,papers/9701/2022/s/9701_s22_ms_33.pdf,https://pastpapers.papacambridge.com/directories/CAIE/CAIE-pastpapers/upload/9701_s22_ms_33.pdf,308463,OK
CAIE,9701,33,2022,s,ci,papers/9701/2022/s/9701_s22_ci_33.pdf,https://pastpapers.papacambridge.com/directories/CAIE/CAIE-pastpapers/upload/9701_s22_ci_33.pdf,1116396,OK
CAIE,9701,34,2022,s,qp,papers/9701/2022/s/9701_s22_qp_34.pdf,https://pastpapers.papacambridge.com/directories/CAIE/CAIE-pastpapers/upload/9701_s22_qp_34.pdf,1311824,OK
CAIE,9701,34,2022,s,ms,papers/9701/2022/s/9701_s22_ms_34.pdf,https://pastpapers.papacambridge.com/directories/CAIE/CAIE-pastpapers/upload/9701_s22_ms_34.pdf,274406,OK
CAIE,9701,34,2022,s,ci,papers/9701/2022/s/9701_s22_ci_34.pdf,https://pastpapers.papacambridge.com/directories/CAIE/CAIE-pastpapers/upload/9701_s22_ci_34.pdf,1111614,OK
CAIE,9701,er,2022,s,er,papers/9701/2022/s/9701_s22_er.pdf,https://pastpapers.papacambridge.com/directories/CAIE/CAIE-pastpapers/upload/9701_s22_er.pdf,7286035,OK
CAIE,9701,gt,2022,s,gt,papers/9701/2022/s/9701_s22_gt.pdf,https://pastpapers.papacambridge.com/directories/CAIE/CAIE-pastpapers/upload/9701_s22_gt.pdf,148533,OK
CAIE,9701,11,2022,w,qp,papers/9701/2022/w/9701_w22_qp_11.pdf,https://pastpapers.papacambridge.com/directories/CAIE/CAIE-pastpapers/upload/9701_w22_qp_11.pdf,406161,OK
CAIE,9701,11,2022,w,ms,papers/9701/2022/w/9701_w22_ms_11.pdf,https://pastpapers.papacambridge.com/directories/CAIE/CAIE-pastpapers/upload/9701_w22_ms_11.pdf,128948,OK
CAIE,9701,12,2022,w,qp,papers/9701/2022/w/9701_w22_qp_12.pdf,https://pastpapers.papacambridge.com/directories/CAIE/CAIE-pastpapers/upload/9701_w22_qp_12.pdf,426313,OK
CAIE,9701,12,2022,w,ms,papers/9701/2022/w/9701_w22_ms_12.pdf,https://pastpapers.papacambridge.com/directories/CAIE/CAIE-pastpapers/upload/9701_w22_ms_12.pdf,128955,OK
CAIE,9701,13,2022,w,qp,papers/9701/2022/w/9701_w22_qp_13.pdf,https://pastpapers.papacambridge.com/directories/CAIE/CAIE-pastpapers/upload/9701_w22_qp_13.pdf,420876,OK
CAIE,9701,13,2022,w,ms,papers/9701/2022/w/9701_w22_ms_13.pdf,https://pastpapers.papacambridge.com/directories/CAIE/CAIE-pastpapers/upload/9701_w22_ms_13.pdf,128953,OK
CAIE,9701,22,2022,w,qp,papers/9701/2022/w/9701_w22_qp_22.pdf,https://pastpapers.papacambridge.com/directories/CAIE/CAIE-pastpapers/upload/9701_w22_qp_22.pdf,1390189,OK
CAIE,9701,22,2022,w,ms,papers/9701/2022/w/9701_w22_ms_22.pdf,https://pastpapers.papacambridge.com/directories/CAIE/CAIE-pastpapers/upload/9701_w22_ms_22.pdf,355379,OK
CAIE,9701,33,2022,w,qp,papers/9701/2022/w/9701_w22_qp_33.pdf,https://pastpapers.papacambridge.com/directories/CAIE/CAIE-pastpapers/upload/9701_w22_qp_33.pdf,1259546,OK
CAIE,9701,33,2022,w,ms,papers/9701/2022/w/9701_w22_ms_33.pdf,https://pastpapers.papacambridge.com/directories/CAIE/CAIE-pastpapers/upload/9701_w22_ms_33.pdf,330842,OK
CAIE,9701,33,2022,w,ci,papers/9701/2022/w/9701_w22_ci_33.pdf,https://pastpapers.papacambridge.com/directories/CAIE/CAIE-pastpapers/upload/9701_w22_ci_33.pdf,1115970,OK
CAIE,9701,34,2022,w,qp,papers/9701/2022/w/9701_w22_qp_34.pdf,https://pastpapers.papacambridge.com/directories/CAIE/CAIE-pastpapers/upload/9701_w22_qp_34.pdf,1262124,OK
CAIE,9701,34,2022,w,ms,papers/9701/2022/w/9701_w22_ms_34.pdf,https://pastpapers.papacambridge.com/directories/CAIE/CAIE-pastpapers/upload/9701_w22_ms_34.pdf,297073,OK
CAIE,9701,34,2022,w,ci,papers/9701/2022/w/9701_w22_ci_34.pdf,https://pastpapers.papacambridge.com/directories/CAIE/CAIE-pastpapers/upload/9701_w22_ci_34.pdf,1111943,OK
CAIE,9701,er,2022,w,er,papers/9701/2022/w/9701_w22_er.pdf,https://pastpapers.papacambridge.com/directories/CAIE/CAIE-pastpapers/upload/9701_w22_er.pdf,7677703,OK
CAIE,9701,gt,2022,w,gt,papers/9701/2022/w/9701_w22_gt.pdf,https://pastpapers.papacambridge.com/directories/CAIE/CAIE-pastpapers/upload/9701_w22_gt.pdf,285694,OK
CAIE,9701,11,2023,s,qp,papers/9701/2023/s/9701_s23_qp_11.pdf,https://pastpapers.papacambridge.com/directories/CAIE/CAIE-pastpapers/upload/9701_s23_qp_11.pdf,1012892,OK
CAIE,9701,11,2023,s,ms,papers/9701/2023/s/9701_s23_ms_11.pdf,https://pastpapers.papacambridge.com/directories/CAIE/CAIE-pastpapers/upload/9701_s23_ms_11.pdf,147837,OK
CAIE,9701,12,2023,s,qp,papers/9701/2023/s/9701_s23_qp_12.pdf,https://pastpapers.papacambridge.com/directories/CAIE/CAIE-pastpapers/upload/9701_s23_qp_12.pdf,961354,OK
CAIE,9701,12,2023,s,ms,papers/9701/2023/s/9701_s23_ms_12.pdf,https://pastpapers.papacambridge.com/directories/CAIE/CAIE-pastpapers/upload/9701_s23_ms_12.pdf,147745,OK
CAIE,9701,13,2023,s,qp,papers/9701/2023/s/9701_s23_qp_13.pdf,https://pastpapers.papacambridge.com/directories/CAIE/CAIE-pastpapers/upload/9701_s23_qp_13.pdf,810829,OK
CAIE,9701,13,2023,s,ms,papers/9701/2023/s/9701_s23_ms_13.pdf,https://pastpapers.papacambridge.com/directories/CAIE/CAIE-pastpapers/upload/9701_s23_ms_13.pdf,147831,OK
CAIE,9701,22,2023,s,qp,papers/9701/2023/s/9701_s23_qp_22.pdf,https://pastpapers.papacambridge.com/directories/CAIE/CAIE-pastpapers/upload/9701_s23_qp_22.pdf,962327,OK
CAIE,9701,22,2023,s,ms,papers/9701/2023/s/9701_s23_ms_22.pdf,https://pastpapers.papacambridge.com/directories/CAIE/CAIE-pastpapers/upload/9701_s23_ms_22.pdf,321560,OK
CAIE,9701,33,2023,s,qp,papers/9701/2023/s/9701_s23_qp_33.pdf,https://pastpapers.papacambridge.com/directories/CAIE/CAIE-pastpapers/upload/9701_s23_qp_33.pdf,740392,OK
CAIE,9701,33,2023,s,ms,papers/9701/2023/s/9701_s23_ms_33.pdf,https://pastpapers.papacambridge.com/directories/CAIE/CAIE-pastpapers/upload/9701_s23_ms_33.pdf,247210,OK
CAIE,9701,33,2023,s,ci,papers/9701/2023/s/9701_s23_ci_33.pdf,https://pastpapers.papacambridge.com/directories/CAIE/CAIE-pastpapers/upload/9701_s23_ci_33.pdf,673510,OK
CAIE,9701,34,2023,s,qp,papers/9701/2023/s/9701_s23_qp_34.pdf,https://pastpapers.papacambridge.com/directories/CAIE/CAIE-pastpapers/upload/9701_s23_qp_34.pdf,775566,OK
CAIE,9701,34,2023,s,ms,papers/9701/2023/s/9701_s23_ms_34.pdf,https://pastpapers.papacambridge.com/directories/CAIE/CAIE-pastpapers/upload/9701_s23_ms_34.pdf,287900,OK
CAIE,9701,34,2023,s,ci,papers/9701/2023/s/9701_s23_ci_34.pdf,https://pastpapers.papacambridge.com/directories/CAIE/CAIE-pastpapers/upload/9701_s23_ci_34.pdf,685454,OK
CAIE,9701,er,2023,s,er,papers/9701/2023/s/9701_s23_er.pdf,https://pastpapers.papacambridge.com/directories/CAIE/CAIE-pastpapers/upload/9701_s23_er.pdf,6651414,OK
CAIE,9701,gt,2023,s,gt,papers/9701/2023/s/9701_s23_gt.pdf,https://pastpapers.papacambridge.com/directories/CAIE/CAIE-pastpapers/upload/9701_s23_gt.pdf,146249,OK
CAIE,9701,11,2023,w,qp,papers/9701/2023/w/9701_w23_qp_11.pdf,https://pastpapers.papacambridge.com/directories/CAIE/CAIE-pastpapers/upload/9701_w23_qp_11.pdf,970571,OK
CAIE,9701,11,2023,w,ms,papers/9701/2023/w/9701_w23_ms_11.pdf,https://pastpapers.papacambridge.com/directories/CAIE/CAIE-pastpapers/upload/9701_w23_ms_11.pdf,128173,OK
CAIE,9701,12,2023,w,qp,papers/9701/2023/w/9701_w23_qp_12.pdf,https://pastpapers.papacambridge.com/directories/CAIE/CAIE-pastpapers/upload/9701_w23_qp_12.pdf,1372640,OK
CAIE,9701,12,2023,w,ms,papers/9701/2023/w/9701_w23_ms_12.pdf,https://pastpapers.papacambridge.com/directories/CAIE/CAIE-pastpapers/upload/9701_w23_ms_12.pdf,128159,OK
CAIE,9701,13,2023,w,qp,papers/9701/2023/w/9701_w23_qp_13.pdf,https://pastpapers.papacambridge.com/directories/CAIE/CAIE-pastpapers/upload/9701_w23_qp_13.pdf,1426696,OK
CAIE,9701,13,2023,w,ms,papers/9701/2023/w/9701_w23_ms_13.pdf,https://pastpapers.papacambridge.com/directories/CAIE/CAIE-pastpapers/upload/9701_w23_ms_13.pdf,128163,OK
CAIE,9701,22,2023,w,qp,papers/9701/2023/w/9701_w23_qp_22.pdf,https://pastpapers.papacambridge.com/directories/CAIE/CAIE-pastpapers/upload/9701_w23_qp_22.pdf,986159,OK
CAIE,9701,22,2023,w,ms,papers/9701/2023/w/9701_w23_ms_22.pdf,https://pastpapers.papacambridge.com/directories/CAIE/CAIE-pastpapers/upload/9701_w23_ms_22.pdf,203175,OK
CAIE,9701,33,2023,w,qp,papers/9701/2023/w/9701_w23_qp_33.pdf,https://pastpapers.papacambridge.com/directories/CAIE/CAIE-pastpapers/upload/9701_w23_qp_33.pdf,768583,OK
CAIE,9701,33,2023,w,ms,papers/9701/2023/w/9701_w23_ms_33.pdf,https://pastpapers.papacambridge.com/directories/CAIE/CAIE-pastpapers/upload/9701_w23_ms_33.pdf,328547,OK
CAIE,9701,33,2023,w,ci,papers/9701/2023/w/9701_w23_ci_33.pdf,https://pastpapers.papacambridge.com/directories/CAIE/CAIE-pastpapers/upload/9701_w23_ci_33.pdf,696069,OK
CAIE,9701,34,2023,w,qp,papers/9701/2023/w/9701_w23_qp_34.pdf,https://pastpapers.papacambridge.com/directories/CAIE/CAIE-pastpapers/upload/9701_w23_qp_34.pdf,790657,OK
CAIE,9701,34,2023,w,ms,papers/9701/2023/w/9701_w23_ms_34.pdf,https://pastpapers.papacambridge.com/directories/CAIE/CAIE-pastpapers/upload/9701_w23_ms_34.pdf,299791,OK
CAIE,9701,34,2023,w,ci,papers/9701/2023/w/9701_w23_ci_34.pdf,https://pastpapers.papacambridge.com/directories/CAIE/CAIE-pastpapers/upload/9701_w23_ci_34.pdf,688703,OK
CAIE,9701,er,2023,w,er,papers/9701/2023/w/9701_w23_er.pdf,https://pastpapers.papacambridge.com/directories/CAIE/CAIE-pastpapers/upload/9701_w23_er.pdf,7705428,OK
CAIE,9701,gt,2023,w,gt,papers/9701/2023/w/9701_w23_gt.pdf,https://pastpapers.papacambridge.com/directories/CAIE/CAIE-pastpapers/upload/9701_w23_gt.pdf,170719,OK
CAIE,9701,11,2024,s,qp,papers/9701/2024/s/9701_s24_qp_11.pdf,https://pastpapers.papacambridge.com/directories/CAIE/CAIE-pastpapers/upload/9701_s24_qp_11.pdf,420638,OK
CAIE,9701,11,2024,s,ms,papers/9701/2024/s/9701_s24_ms_11.pdf,https://pastpapers.papacambridge.com/directories/CAIE/CAIE-pastpapers/upload/9701_s24_ms_11.pdf,96503,OK
CAIE,9701,12,2024,s,qp,papers/9701/2024/s/9701_s24_qp_12.pdf,https://pastpapers.papacambridge.com/directories/CAIE/CAIE-pastpapers/upload/9701_s24_qp_12.pdf,395473,OK
CAIE,9701,12,2024,s,ms,papers/9701/2024/s/9701_s24_ms_12.pdf,https://pastpapers.papacambridge.com/directories/CAIE/CAIE-pastpapers/upload/9701_s24_ms_12.pdf,96581,OK
CAIE,9701,13,2024,s,qp,papers/9701/2024/s/9701_s24_qp_13.pdf,https://pastpapers.papacambridge.com/directories/CAIE/CAIE-pastpapers/upload/9701_s24_qp_13.pdf,365967,OK
CAIE,9701,13,2024,s,ms,papers/9701/2024/s/9701_s24_ms_13.pdf,https://pastpapers.papacambridge.com/directories/CAIE/CAIE-pastpapers/upload/9701_s24_ms_13.pdf,96553,OK
CAIE,9701,22,2024,s,qp,papers/9701/2024/s/9701_s24_qp_22.pdf,https://pastpapers.papacambridge.com/directories/CAIE/CAIE-pastpapers/upload/9701_s24_qp_22.pdf,205378,OK
CAIE,9701,22,2024,s,ms,papers/9701/2024/s/9701_s24_ms_22.pdf,https://pastpapers.papacambridge.com/directories/CAIE/CAIE-pastpapers/upload/9701_s24_ms_22.pdf,325594,OK
CAIE,9701,33,2024,s,qp,papers/9701/2024/s/9701_s24_qp_33.pdf,https://pastpapers.papacambridge.com/directories/CAIE/CAIE-pastpapers/upload/9701_s24_qp_33.pdf,169807,OK
CAIE,9701,33,2024,s,ms,papers/9701/2024/s/9701_s24_ms_33.pdf,https://pastpapers.papacambridge.com/directories/CAIE/CAIE-pastpapers/upload/9701_s24_ms_33.pdf,241837,OK
CAIE,9701,33,2024,s,ci,papers/9701/2024/s/9701_s24_ci_33.pdf,https://pastpapers.papacambridge.com/directories/CAIE/CAIE-pastpapers/upload/9701_s24_ci_33.pdf,749698,OK
CAIE,9701,34,2024,s,qp,papers/9701/2024/s/9701_s24_qp_34.pdf,https://pastpapers.papacambridge.com/directories/CAIE/CAIE-pastpapers/upload/9701_s24_qp_34.pdf,163987,OK
CAIE,9701,34,2024,s,ms,papers/9701/2024/s/9701_s24_ms_34.pdf,https://pastpapers.papacambridge.com/directories/CAIE/CAIE-pastpapers/upload/9701_s24_ms_34.pdf,255067,OK
CAIE,9701,34,2024,s,ci,papers/9701/2024/s/9701_s24_ci_34.pdf,https://pastpapers.papacambridge.com/directories/CAIE/CAIE-pastpapers/upload/9701_s24_ci_34.pdf,743165,OK
CAIE,9701,er,2024,s,er,,https://pastpapers.papacambridge.com/directories/CAIE/CAIE-pastpapers/upload/9701_s24_er.pdf,,MISSING
CAIE,9701,gt,2024,s,gt,papers/9701/2024/s/9701_s24_gt.pdf,https://pastpapers.papacambridge.com/directories/CAIE/CAIE-pastpapers/upload/9701_s24_gt.pdf,108330,OK
CAIE,9701,11,2024,w,qp,papers/9701/2024/w/9701_w24_qp_11.pdf,https://pastpapers.papacambridge.com/directories/CAIE/CAIE-pastpapers/upload/9701_w24_qp_11.pdf,377438,OK
CAIE,9701,11,2024,w,ms,papers/9701/2024/w/9701_w24_ms_11.pdf,https://pastpapers.papacambridge.com/directories/CAIE/CAIE-pastpapers/upload/9701_w24_ms_11.pdf,132517,OK
CAIE,9701,12,2024,w,qp,papers/9701/2024/w/9701_w24_qp_12.pdf,https://pastpapers.papacambridge.com/directories/CAIE/CAIE-pastpapers/upload/9701_w24_qp_12.pdf,360371,OK
CAIE,9701,12,2024,w,ms,papers/9701/2024/w/9701_w24_ms_12.pdf,https://pastpapers.papacambridge.com/directories/CAIE/CAIE-pastpapers/upload/9701_w24_ms_12.pdf,132538,OK
CAIE,9701,13,2024,w,qp,papers/9701/2024/w/9701_w24_qp_13.pdf,https://pastpapers.papacambridge.com/directories/CAIE/CAIE-pastpapers/upload/9701_w24_qp_13.pdf,377611,OK
CAIE,9701,13,2024,w,ms,papers/9701/2024/w/9701_w24_ms_13.pdf,https://pastpapers.papacambridge.com/directories/CAIE/CAIE-pastpapers/upload/9701_w24_ms_13.pdf,132525,OK
CAIE,9701,22,2024,w,qp,papers/9701/2024/w/9701_w24_qp_22.pdf,https://pastpapers.papacambridge.com/directories/CAIE/CAIE-pastpapers/upload/9701_w24_qp_22.pdf,123714,OK
CAIE,9701,22,2024,w,ms,papers/9701/2024/w/9701_w24_ms_22.pdf,https://pastpapers.papacambridge.com/directories/CAIE/CAIE-pastpapers/upload/9701_w24_ms_22.pdf,300329,OK
CAIE,9701,33,2024,w,qp,papers/9701/2024/w/9701_w24_qp_33.pdf,https://pastpapers.papacambridge.com/directories/CAIE/CAIE-pastpapers/upload/9701_w24_qp_33.pdf,117162,OK
CAIE,9701,33,2024,w,ms,papers/9701/2024/w/9701_w24_ms_33.pdf,https://pastpapers.papacambridge.com/directories/CAIE/CAIE-pastpapers/upload/9701_w24_ms_33.pdf,271421,OK
CAIE,9701,33,2024,w,ci,papers/9701/2024/w/9701_w24_ci_33.pdf,https://pastpapers.papacambridge.com/directories/CAIE/CAIE-pastpapers/upload/9701_w24_ci_33.pdf,751009,OK
CAIE,9701,34,2024,w,qp,papers/9701/2024/w/9701_w24_qp_34.pdf,https://pastpapers.papacambridge.com/directories/CAIE/CAIE-pastpapers/upload/9701_w24_qp_34.pdf,118354,OK
CAIE,9701,34,2024,w,ms,papers/9701/2024/w/9701_w24_ms_34.pdf,https://pastpapers.papacambridge.com/directories/CAIE/CAIE-pastpapers/upload/9701_w24_ms_34.pdf,270630,OK
CAIE,9701,34,2024,w,ci,papers/9701/2024/w/9701_w24_ci_34.pdf,https://pastpapers.papacambridge.com/directories/CAIE/CAIE-pastpapers/upload/9701_w24_ci_34.pdf,755275,OK
CAIE,9701,er,2024,w,er,,https://pastpapers.papacambridge.com/directories/CAIE/CAIE-pastpapers/upload/9701_w24_er.pdf,,MISSING
CAIE,9701,gt,2024,w,gt,papers/9701/2024/w/9701_w24_gt.pdf,https://pastpapers.papacambridge.com/directories/CAIE/CAIE-pastpapers/upload/9701_w24_gt.pdf,161709,OK
CAIE,9701,11,2025,s,qp,papers/9701/2025/s/9701_s25_qp_11.pdf,https://pastpapers.papacambridge.com/directories/CAIE/CAIE-pastpapers/upload/9701_s25_qp_11.pdf,456001,OK
CAIE,9701,11,2025,s,ms,papers/9701/2025/s/9701_s25_ms_11.pdf,https://pastpapers.papacambridge.com/directories/CAIE/CAIE-pastpapers/upload/9701_s25_ms_11.pdf,167935,OK
CAIE,9701,12,2025,s,qp,papers/9701/2025/s/9701_s25_qp_12.pdf,https://pastpapers.papacambridge.com/directories/CAIE/CAIE-pastpapers/upload/9701_s25_qp_12.pdf,411557,OK
CAIE,9701,12,2025,s,ms,papers/9701/2025/s/9701_s25_ms_12.pdf,https://pastpapers.papacambridge.com/directories/CAIE/CAIE-pastpapers/upload/9701_s25_ms_12.pdf,167935,OK
CAIE,9701,13,2025,s,qp,papers/9701/2025/s/9701_s25_qp_13.pdf,https://pastpapers.papacambridge.com/directories/CAIE/CAIE-pastpapers/upload/9701_s25_qp_13.pdf,570456,OK
CAIE,9701,13,2025,s,ms,papers/9701/2025/s/9701_s25_ms_13.pdf,https://pastpapers.papacambridge.com/directories/CAIE/CAIE-pastpapers/upload/9701_s25_ms_13.pdf,167939,OK
CAIE,9701,22,2025,s,qp,papers/9701/2025/s/9701_s25_qp_22.pdf,https://pastpapers.papacambridge.com/directories/CAIE/CAIE-pastpapers/upload/9701_s25_qp_22.pdf,127221,OK
CAIE,9701,22,2025,s,ms,papers/9701/2025/s/9701_s25_ms_22.pdf,https://pastpapers.papacambridge.com/directories/CAIE/CAIE-pastpapers/upload/9701_s25_ms_22.pdf,390910,OK
CAIE,9701,33,2025,s,qp,papers/9701/2025/s/9701_s25_qp_33.pdf,https://pastpapers.papacambridge.com/directories/CAIE/CAIE-pastpapers/upload/9701_s25_qp_33.pdf,127280,OK
CAIE,9701,33,2025,s,ms,papers/9701/2025/s/9701_s25_ms_33.pdf,https://pastpapers.papacambridge.com/directories/CAIE/CAIE-pastpapers/upload/9701_s25_ms_33.pdf,376531,OK
CAIE,9701,33,2025,s,ci,papers/9701/2025/s/9701_s25_ci_33.pdf,https://pastpapers.papacambridge.com/directories/CAIE/CAIE-pastpapers/upload/9701_s25_ci_33.pdf,772716,OK
CAIE,9701,34,2025,s,qp,papers/9701/2025/s/9701_s25_qp_34.pdf,https://pastpapers.papacambridge.com/directories/CAIE/CAIE-pastpapers/upload/9701_s25_qp_34.pdf,124701,OK
CAIE,9701,34,2025,s,ms,papers/9701/2025/s/9701_s25_ms_34.pdf,https://pastpapers.papacambridge.com/directories/CAIE/CAIE-pastpapers/upload/9701_s25_ms_34.pdf,344492,OK
CAIE,9701,34,2025,s,ci,papers/9701/2025/s/9701_s25_ci_34.pdf,https://pastpapers.papacambridge.com/directories/CAIE/CAIE-pastpapers/upload/9701_s25_ci_34.pdf,1984049,OK
CAIE,9701,er,2025,s,er,,https://pastpapers.papacambridge.com/directories/CAIE/CAIE-pastpapers/upload/9701_s25_er.pdf,,MISSING
CAIE,9701,gt,2025,s,gt,papers/9701/2025/s/9701_s25_gt.pdf,https://pastpapers.papacambridge.com/directories/CAIE/CAIE-pastpapers/upload/9701_s25_gt.pdf,203792,OK
CAIE,9701,11,2025,w,qp,papers/9701/2025/w/9701_w25_qp_11.pdf,https://pastpapers.papacambridge.com/directories/CAIE/CAIE-pastpapers/upload/9701_w25_qp_11.pdf,373490,OK
CAIE,9701,11,2025,w,ms,papers/9701/2025/w/9701_w25_ms_11.pdf,https://pastpapers.papacambridge.com/directories/CAIE/CAIE-pastpapers/upload/9701_w25_ms_11.pdf,170787,OK
CAIE,9701,12,2025,w,qp,papers/9701/2025/w/9701_w25_qp_12.pdf,https://pastpapers.papacambridge.com/directories/CAIE/CAIE-pastpapers/upload/9701_w25_qp_12.pdf,391898,OK
CAIE,9701,12,2025,w,ms,papers/9701/2025/w/9701_w25_ms_12.pdf,https://pastpapers.papacambridge.com/directories/CAIE/CAIE-pastpapers/upload/9701_w25_ms_12.pdf,170783,OK
CAIE,9701,13,2025,w,qp,papers/9701/2025/w/9701_w25_qp_13.pdf,https://pastpapers.papacambridge.com/directories/CAIE/CAIE-pastpapers/upload/9701_w25_qp_13.pdf,373647,OK
CAIE,9701,13,2025,w,ms,papers/9701/2025/w/9701_w25_ms_13.pdf,https://pastpapers.papacambridge.com/directories/CAIE/CAIE-pastpapers/upload/9701_w25_ms_13.pdf,170792,OK
CAIE,9701,22,2025,w,qp,papers/9701/2025/w/9701_w25_qp_22.pdf,https://pastpapers.papacambridge.com/directories/CAIE/CAIE-pastpapers/upload/9701_w25_qp_22.pdf,129911,OK
CAIE,9701,22,2025,w,ms,papers/9701/2025/w/9701_w25_ms_22.pdf,https://pastpapers.papacambridge.com/directories/CAIE/CAIE-pastpapers/upload/9701_w25_ms_22.pdf,326458,OK
CAIE,9701,33,2025,w,qp,papers/9701/2025/w/9701_w25_qp_33.pdf,https://pastpapers.papacambridge.com/directories/CAIE/CAIE-pastpapers/upload/9701_w25_qp_33.pdf,133035,OK
CAIE,9701,33,2025,w,ms,papers/9701/2025/w/9701_w25_ms_33.pdf,https://pastpapers.papacambridge.com/directories/CAIE/CAIE-pastpapers/upload/9701_w25_ms_33.pdf,346376,OK
CAIE,9701,33,2025,w,ci,papers/9701/2025/w/9701_w25_ci_33.pdf,https://pastpapers.papacambridge.com/directories/CAIE/CAIE-pastpapers/upload/9701_w25_ci_33.pdf,1838597,OK
CAIE,9701,34,2025,w,qp,papers/9701/2025/w/9701_w25_qp_34.pdf,https://pastpapers.papacambridge.com/directories/CAIE/CAIE-pastpapers/upload/9701_w25_qp_34.pdf,121652,OK
CAIE,9701,34,2025,w,ms,papers/9701/2025/w/9701_w25_ms_34.pdf,https://pastpapers.papacambridge.com/directories/CAIE/CAIE-pastpapers/upload/9701_w25_ms_34.pdf,365217,OK
CAIE,9701,34,2025,w,ci,papers/9701/2025/w/9701_w25_ci_34.pdf,https://pastpapers.papacambridge.com/directories/CAIE/CAIE-pastpapers/upload/9701_w25_ci_34.pdf,1792588,OK
CAIE,9701,er,2025,w,er,,https://pastpapers.papacambridge.com/directories/CAIE/CAIE-pastpapers/upload/9701_w25_er.pdf,,MISSING
CAIE,9701,gt,2025,w,gt,papers/9701/2025/w/9701_w25_gt.pdf,https://pastpapers.papacambridge.com/directories/CAIE/CAIE-pastpapers/upload/9701_w25_gt.pdf,275555,OK
CAIE,9702,11,2019,s,qp,papers/9702/2019/s/9702_s19_qp_11.pdf,https://pastpapers.papacambridge.com/directories/CAIE/CAIE-pastpapers/upload/9702_s19_qp_11.pdf,522343,OK
CAIE,9702,11,2019,s,ms,papers/9702/2019/s/9702_s19_ms_11.pdf,https://pastpapers.papacambridge.com/directories/CAIE/CAIE-pastpapers/upload/9702_s19_ms_11.pdf,99073,OK
CAIE,9702,12,2019,s,qp,papers/9702/2019/s/9702_s19_qp_12.pdf,https://pastpapers.papacambridge.com/directories/CAIE/CAIE-pastpapers/upload/9702_s19_qp_12.pdf,402995,OK
CAIE,9702,12,2019,s,ms,papers/9702/2019/s/9702_s19_ms_12.pdf,https://pastpapers.papacambridge.com/directories/CAIE/CAIE-pastpapers/upload/9702_s19_ms_12.pdf,99097,OK
CAIE,9702,13,2019,s,qp,papers/9702/2019/s/9702_s19_qp_13.pdf,https://pastpapers.papacambridge.com/directories/CAIE/CAIE-pastpapers/upload/9702_s19_qp_13.pdf,454618,OK
CAIE,9702,13,2019,s,ms,papers/9702/2019/s/9702_s19_ms_13.pdf,https://pastpapers.papacambridge.com/directories/CAIE/CAIE-pastpapers/upload/9702_s19_ms_13.pdf,99078,OK
CAIE,9702,22,2019,s,qp,papers/9702/2019/s/9702_s19_qp_22.pdf,https://pastpapers.papacambridge.com/directories/CAIE/CAIE-pastpapers/upload/9702_s19_qp_22.pdf,2376989,OK
CAIE,9702,22,2019,s,ms,papers/9702/2019/s/9702_s19_ms_22.pdf,https://pastpapers.papacambridge.com/directories/CAIE/CAIE-pastpapers/upload/9702_s19_ms_22.pdf,171476,OK
CAIE,9702,33,2019,s,qp,papers/9702/2019/s/9702_s19_qp_33.pdf,https://pastpapers.papacambridge.com/directories/CAIE/CAIE-pastpapers/upload/9702_s19_qp_33.pdf,2105047,OK
CAIE,9702,33,2019,s,ms,papers/9702/2019/s/9702_s19_ms_33.pdf,https://pastpapers.papacambridge.com/directories/CAIE/CAIE-pastpapers/upload/9702_s19_ms_33.pdf,183240,OK
CAIE,9702,33,2019,s,ci,papers/9702/2019/s/9702_s19_ci_33.pdf,https://pastpapers.papacambridge.com/directories/CAIE/CAIE-pastpapers/upload/9702_s19_ci_33.pdf,1569044,OK
CAIE,9702,34,2019,s,qp,papers/9702/2019/s/9702_s19_qp_34.pdf,https://pastpapers.papacambridge.com/directories/CAIE/CAIE-pastpapers/upload/9702_s19_qp_34.pdf,981400,OK
CAIE,9702,34,2019,s,ms,papers/9702/2019/s/9702_s19_ms_34.pdf,https://pastpapers.papacambridge.com/directories/CAIE/CAIE-pastpapers/upload/9702_s19_ms_34.pdf,194273,OK
CAIE,9702,34,2019,s,ci,papers/9702/2019/s/9702_s19_ci_34.pdf,https://pastpapers.papacambridge.com/directories/CAIE/CAIE-pastpapers/upload/9702_s19_ci_34.pdf,923316,OK
CAIE,9702,er,2019,s,er,papers/9702/2019/s/9702_s19_er.pdf,https://pastpapers.papacambridge.com/directories/CAIE/CAIE-pastpapers/upload/9702_s19_er.pdf,4119639,OK
CAIE,9702,gt,2019,s,gt,papers/9702/2019/s/9702_s19_gt.pdf,https://pastpapers.papacambridge.com/directories/CAIE/CAIE-pastpapers/upload/9702_s19_gt.pdf,126031,OK
CAIE,9702,11,2019,w,qp,papers/9702/2019/w/9702_w19_qp_11.pdf,https://pastpapers.papacambridge.com/directories/CAIE/CAIE-pastpapers/upload/9702_w19_qp_11.pdf,464474,OK
CAIE,9702,11,2019,w,ms,papers/9702/2019/w/9702_w19_ms_11.pdf,https://pastpapers.papacambridge.com/directories/CAIE/CAIE-pastpapers/upload/9702_w19_ms_11.pdf,99331,OK
CAIE,9702,12,2019,w,qp,papers/9702/2019/w/9702_w19_qp_12.pdf,https://pastpapers.papacambridge.com/directories/CAIE/CAIE-pastpapers/upload/9702_w19_qp_12.pdf,444719,OK
CAIE,9702,12,2019,w,ms,papers/9702/2019/w/9702_w19_ms_12.pdf,https://pastpapers.papacambridge.com/directories/CAIE/CAIE-pastpapers/upload/9702_w19_ms_12.pdf,113982,OK
CAIE,9702,13,2019,w,qp,papers/9702/2019/w/9702_w19_qp_13.pdf,https://pastpapers.papacambridge.com/directories/CAIE/CAIE-pastpapers/upload/9702_w19_qp_13.pdf,460108,OK
CAIE,9702,13,2019,w,ms,papers/9702/2019/w/9702_w19_ms_13.pdf,https://pastpapers.papacambridge.com/directories/CAIE/CAIE-pastpapers/upload/9702_w19_ms_13.pdf,99406,OK
CAIE,9702,22,2019,w,qp,papers/9702/2019/w/9702_w19_qp_22.pdf,https://pastpapers.papacambridge.com/directories/CAIE/CAIE-pastpapers/upload/9702_w19_qp_22.pdf,2587337,OK
CAIE,9702,22,2019,w,ms,papers/9702/2019/w/9702_w19_ms_22.pdf,https://pastpapers.papacambridge.com/directories/CAIE/CAIE-pastpapers/upload/9702_w19_ms_22.pdf,207065,OK
CAIE,9702,33,2019,w,qp,papers/9702/2019/w/9702_w19_qp_33.pdf,https://pastpapers.papacambridge.com/directories/CAIE/CAIE-pastpapers/upload/9702_w19_qp_33.pdf,399542,OK
CAIE,9702,33,2019,w,ms,papers/9702/2019/w/9702_w19_ms_33.pdf,https://pastpapers.papacambridge.com/directories/CAIE/CAIE-pastpapers/upload/9702_w19_ms_33.pdf,183583,OK
CAIE,9702,33,2019,w,ci,papers/9702/2019/w/9702_w19_ci_33.pdf,https://pastpapers.papacambridge.com/directories/CAIE/CAIE-pastpapers/upload/9702_w19_ci_33.pdf,1739806,OK
CAIE,9702,34,2019,w,qp,papers/9702/2019/w/9702_w19_qp_34.pdf,https://pastpapers.papacambridge.com/directories/CAIE/CAIE-pastpapers/upload/9702_w19_qp_34.pdf,1987571,OK
CAIE,9702,34,2019,w,ms,papers/9702/2019/w/9702_w19_ms_34.pdf,https://pastpapers.papacambridge.com/directories/CAIE/CAIE-pastpapers/upload/9702_w19_ms_34.pdf,181339,OK
CAIE,9702,34,2019,w,ci,papers/9702/2019/w/9702_w19_ci_34.pdf,https://pastpapers.papacambridge.com/directories/CAIE/CAIE-pastpapers/upload/9702_w19_ci_34.pdf,1567754,OK
CAIE,9702,er,2019,w,er,papers/9702/2019/w/9702_w19_er.pdf,https://pastpapers.papacambridge.com/directories/CAIE/CAIE-pastpapers/upload/9702_w19_er.pdf,3711065,OK
CAIE,9702,gt,2019,w,gt,papers/9702/2019/w/9702_w19_gt.pdf,https://pastpapers.papacambridge.com/directories/CAIE/CAIE-pastpapers/upload/9702_w19_gt.pdf,139389,OK
CAIE,9702,11,2020,s,qp,papers/9702/2020/s/9702_s20_qp_11.pdf,https://pastpapers.papacambridge.com/directories/CAIE/CAIE-pastpapers/upload/9702_s20_qp_11.pdf,414418,OK
CAIE,9702,11,2020,s,ms,papers/9702/2020/s/9702_s20_ms_11.pdf,https://pastpapers.papacambridge.com/directories/CAIE/CAIE-pastpapers/upload/9702_s20_ms_11.pdf,132419,OK
CAIE,9702,12,2020,s,qp,papers/9702/2020/s/9702_s20_qp_12.pdf,https://pastpapers.papacambridge.com/directories/CAIE/CAIE-pastpapers/upload/9702_s20_qp_12.pdf,543303,OK
CAIE,9702,12,2020,s,ms,papers/9702/2020/s/9702_s20_ms_12.pdf,https://pastpapers.papacambridge.com/directories/CAIE/CAIE-pastpapers/upload/9702_s20_ms_12.pdf,159070,OK
CAIE,9702,13,2020,s,qp,papers/9702/2020/s/9702_s20_qp_13.pdf,https://pastpapers.papacambridge.com/directories/CAIE/CAIE-pastpapers/upload/9702_s20_qp_13.pdf,483699,OK
CAIE,9702,13,2020,s,ms,papers/9702/2020/s/9702_s20_ms_13.pdf,https://pastpapers.papacambridge.com/directories/CAIE/CAIE-pastpapers/upload/9702_s20_ms_13.pdf,132454,OK
CAIE,9702,22,2020,s,qp,papers/9702/2020/s/9702_s20_qp_22.pdf,https://pastpapers.papacambridge.com/directories/CAIE/CAIE-pastpapers/upload/9702_s20_qp_22.pdf,1233606,OK
CAIE,9702,22,2020,s,ms,papers/9702/2020/s/9702_s20_ms_22.pdf,https://pastpapers.papacambridge.com/directories/CAIE/CAIE-pastpapers/upload/9702_s20_ms_22.pdf,245589,OK
CAIE,9702,33,2020,s,qp,papers/9702/2020/s/9702_s20_qp_33.pdf,https://pastpapers.papacambridge.com/directories/CAIE/CAIE-pastpapers/upload/9702_s20_qp_33.pdf,2017772,OK
CAIE,9702,33,2020,s,ms,papers/9702/2020/s/9702_s20_ms_33.pdf,https://pastpapers.papacambridge.com/directories/CAIE/CAIE-pastpapers/upload/9702_s20_ms_33.pdf,267652,OK
CAIE,9702,33,2020,s,ci,papers/9702/2020/s/9702_s20_ci_33.pdf,https://pastpapers.papacambridge.com/directories/CAIE/CAIE-pastpapers/upload/9702_s20_ci_33.pdf,1724773,OK
CAIE,9702,34,2020,s,qp,papers/9702/2020/s/9702_s20_qp_34.pdf,https://pastpapers.papacambridge.com/directories/CAIE/CAIE-pastpapers/upload/9702_s20_qp_34.pdf,1891365,OK
CAIE,9702,34,2020,s,ms,papers/9702/2020/s/9702_s20_ms_34.pdf,https://pastpapers.papacambridge.com/directories/CAIE/CAIE-pastpapers/upload/9702_s20_ms_34.pdf,239371,OK
CAIE,9702,34,2020,s,ci,papers/9702/2020/s/9702_s20_ci_34.pdf,https://pastpapers.papacambridge.com/directories/CAIE/CAIE-pastpapers/upload/9702_s20_ci_34.pdf,1695034,OK
CAIE,9702,er,2020,s,er,,https://pastpapers.papacambridge.com/directories/CAIE/CAIE-pastpapers/upload/9702_s20_er.pdf,,MISSING
CAIE,9702,gt,2020,s,gt,,https://pastpapers.papacambridge.com/directories/CAIE/CAIE-pastpapers/upload/9702_s20_gt.pdf,,MISSING
CAIE,9702,11,2020,w,qp,papers/9702/2020/w/9702_w20_qp_11.pdf,https://pastpapers.papacambridge.com/directories/CAIE/CAIE-pastpapers/upload/9702_w20_qp_11.pdf,515897,OK
CAIE,9702,11,2020,w,ms,papers/9702/2020/w/9702_w20_ms_11.pdf,https://pastpapers.papacambridge.com/directories/CAIE/CAIE-pastpapers/upload/9702_w20_ms_11.pdf,145048,OK
CAIE,9702,12,2020,w,qp,papers/9702/2020/w/9702_w20_qp_12.pdf,https://pastpapers.papacambridge.com/directories/CAIE/CAIE-pastpapers/upload/9702_w20_qp_12.pdf,557892,OK
CAIE,9702,12,2020,w,ms,papers/9702/2020/w/9702_w20_ms_12.pdf,https://pastpapers.papacambridge.com/directories/CAIE/CAIE-pastpapers/upload/9702_w20_ms_12.pdf,145013,OK
CAIE,9702,13,2020,w,qp,papers/9702/2020/w/9702_w20_qp_13.pdf,https://pastpapers.papacambridge.com/directories/CAIE/CAIE-pastpapers/upload/9702_w20_qp_13.pdf,470118,OK
CAIE,9702,13,2020,w,ms,papers/9702/2020/w/9702_w20_ms_13.pdf,https://pastpapers.papacambridge.com/directories/CAIE/CAIE-pastpapers/upload/9702_w20_ms_13.pdf,144973,OK
CAIE,9702,22,2020,w,qp,papers/9702/2020/w/9702_w20_qp_22.pdf,https://pastpapers.papacambridge.com/directories/CAIE/CAIE-pastpapers/upload/9702_w20_qp_22.pdf,2746061,OK
CAIE,9702,22,2020,w,ms,papers/9702/2020/w/9702_w20_ms_22.pdf,https://pastpapers.papacambridge.com/directories/CAIE/CAIE-pastpapers/upload/9702_w20_ms_22.pdf,244012,OK
CAIE,9702,33,2020,w,qp,papers/9702/2020/w/9702_w20_qp_33.pdf,https://pastpapers.papacambridge.com/directories/CAIE/CAIE-pastpapers/upload/9702_w20_qp_33.pdf,1031097,OK
CAIE,9702,33,2020,w,ms,papers/9702/2020/w/9702_w20_ms_33.pdf,https://pastpapers.papacambridge.com/directories/CAIE/CAIE-pastpapers/upload/9702_w20_ms_33.pdf,240206,OK
CAIE,9702,33,2020,w,ci,papers/9702/2020/w/9702_w20_ci_33.pdf,https://pastpapers.papacambridge.com/directories/CAIE/CAIE-pastpapers/upload/9702_w20_ci_33.pdf,1594466,OK
CAIE,9702,34,2020,w,qp,papers/9702/2020/w/9702_w20_qp_34.pdf,https://pastpapers.papacambridge.com/directories/CAIE/CAIE-pastpapers/upload/9702_w20_qp_34.pdf,1042311,OK
CAIE,9702,34,2020,w,ms,papers/9702/2020/w/9702_w20_ms_34.pdf,https://pastpapers.papacambridge.com/directories/CAIE/CAIE-pastpapers/upload/9702_w20_ms_34.pdf,239510,OK
CAIE,9702,34,2020,w,ci,papers/9702/2020/w/9702_w20_ci_34.pdf,https://pastpapers.papacambridge.com/directories/CAIE/CAIE-pastpapers/upload/9702_w20_ci_34.pdf,1645201,OK
CAIE,9702,er,2020,w,er,papers/9702/2020/w/9702_w20_er.pdf,https://pastpapers.papacambridge.com/directories/CAIE/CAIE-pastpapers/upload/9702_w20_er.pdf,3082397,OK
CAIE,9702,gt,2020,w,gt,papers/9702/2020/w/9702_w20_gt.pdf,https://pastpapers.papacambridge.com/directories/CAIE/CAIE-pastpapers/upload/9702_w20_gt.pdf,135557,OK
CAIE,9702,11,2021,s,qp,papers/9702/2021/s/9702_s21_qp_11.pdf,https://pastpapers.papacambridge.com/directories/CAIE/CAIE-pastpapers/upload/9702_s21_qp_11.pdf,455707,OK
CAIE,9702,11,2021,s,ms,papers/9702/2021/s/9702_s21_ms_11.pdf,https://pastpapers.papacambridge.com/directories/CAIE/CAIE-pastpapers/upload/9702_s21_ms_11.pdf,163211,OK
CAIE,9702,12,2021,s,qp,papers/9702/2021/s/9702_s21_qp_12.pdf,https://pastpapers.papacambridge.com/directories/CAIE/CAIE-pastpapers/upload/9702_s21_qp_12.pdf,473381,OK
CAIE,9702,12,2021,s,ms,papers/9702/2021/s/9702_s21_ms_12.pdf,https://pastpapers.papacambridge.com/directories/CAIE/CAIE-pastpapers/upload/9702_s21_ms_12.pdf,163218,OK
CAIE,9702,13,2021,s,qp,papers/9702/2021/s/9702_s21_qp_13.pdf,https://pastpapers.papacambridge.com/directories/CAIE/CAIE-pastpapers/upload/9702_s21_qp_13.pdf,423820,OK
CAIE,9702,13,2021,s,ms,papers/9702/2021/s/9702_s21_ms_13.pdf,https://pastpapers.papacambridge.com/directories/CAIE/CAIE-pastpapers/upload/9702_s21_ms_13.pdf,163193,OK
CAIE,9702,22,2021,s,qp,papers/9702/2021/s/9702_s21_qp_22.pdf,https://pastpapers.papacambridge.com/directories/CAIE/CAIE-pastpapers/upload/9702_s21_qp_22.pdf,552937,OK
CAIE,9702,22,2021,s,ms,papers/9702/2021/s/9702_s21_ms_22.pdf,https://pastpapers.papacambridge.com/directories/CAIE/CAIE-pastpapers/upload/9702_s21_ms_22.pdf,258469,OK
CAIE,9702,33,2021,s,qp,papers/9702/2021/s/9702_s21_qp_33.pdf,https://pastpapers.papacambridge.com/directories/CAIE/CAIE-pastpapers/upload/9702_s21_qp_33.pdf,371078,OK
CAIE,9702,33,2021,s,ms,papers/9702/2021/s/9702_s21_ms_33.pdf,https://pastpapers.papacambridge.com/directories/CAIE/CAIE-pastpapers/upload/9702_s21_ms_33.pdf,273165,OK
CAIE,9702,33,2021,s,ci,papers/9702/2021/s/9702_s21_ci_33.pdf,https://pastpapers.papacambridge.com/directories/CAIE/CAIE-pastpapers/upload/9702_s21_ci_33.pdf,1620435,OK
CAIE,9702,34,2021,s,qp,papers/9702/2021/s/9702_s21_qp_34.pdf,https://pastpapers.papacambridge.com/directories/CAIE/CAIE-pastpapers/upload/9702_s21_qp_34.pdf,418177,OK
CAIE,9702,34,2021,s,ms,papers/9702/2021/s/9702_s21_ms_34.pdf,https://pastpapers.papacambridge.com/directories/CAIE/CAIE-pastpapers/upload/9702_s21_ms_34.pdf,269933,OK
CAIE,9702,34,2021,s,ci,papers/9702/2021/s/9702_s21_ci_34.pdf,https://pastpapers.papacambridge.com/directories/CAIE/CAIE-pastpapers/upload/9702_s21_ci_34.pdf,1602777,OK
CAIE,9702,er,2021,s,er,papers/9702/2021/s/9702_s21_er.pdf,https://pastpapers.papacambridge.com/directories/CAIE/CAIE-pastpapers/upload/9702_s21_er.pdf,4937438,OK
CAIE,9702,gt,2021,s,gt,papers/9702/2021/s/9702_s21_gt.pdf,https://pastpapers.papacambridge.com/directories/CAIE/CAIE-pastpapers/upload/9702_s21_gt.pdf,143928,OK
CAIE,9702,11,2021,w,qp,papers/9702/2021/w/9702_w21_qp_11.pdf,https://pastpapers.papacambridge.com/directories/CAIE/CAIE-pastpapers/upload/9702_w21_qp_11.pdf,461889,OK
CAIE,9702,11,2021,w,ms,papers/9702/2021/w/9702_w21_ms_11.pdf,https://pastpapers.papacambridge.com/directories/CAIE/CAIE-pastpapers/upload/9702_w21_ms_11.pdf,163219,OK
CAIE,9702,12,2021,w,qp,papers/9702/2021/w/9702_w21_qp_12.pdf,https://pastpapers.papacambridge.com/directories/CAIE/CAIE-pastpapers/upload/9702_w21_qp_12.pdf,561814,OK
CAIE,9702,12,2021,w,ms,papers/9702/2021/w/9702_w21_ms_12.pdf,https://pastpapers.papacambridge.com/directories/CAIE/CAIE-pastpapers/upload/9702_w21_ms_12.pdf,163236,OK
CAIE,9702,13,2021,w,qp,papers/9702/2021/w/9702_w21_qp_13.pdf,https://pastpapers.papacambridge.com/directories/CAIE/CAIE-pastpapers/upload/9702_w21_qp_13.pdf,470601,OK
CAIE,9702,13,2021,w,ms,papers/9702/2021/w/9702_w21_ms_13.pdf,https://pastpapers.papacambridge.com/directories/CAIE/CAIE-pastpapers/upload/9702_w21_ms_13.pdf,163207,OK
CAIE,9702,22,2021,w,qp,papers/9702/2021/w/9702_w21_qp_22.pdf,https://pastpapers.papacambridge.com/directories/CAIE/CAIE-pastpapers/upload/9702_w21_qp_22.pdf,1330219,OK
CAIE,9702,22,2021,w,ms,papers/9702/2021/w/9702_w21_ms_22.pdf,https://pastpapers.papacambridge.com/directories/CAIE/CAIE-pastpapers/upload/9702_w21_ms_22.pdf,265496,OK
CAIE,9702,33,2021,w,qp,papers/9702/2021/w/9702_w21_qp_33.pdf,https://pastpapers.papacambridge.com/directories/CAIE/CAIE-pastpapers/upload/9702_w21_qp_33.pdf,1041809,OK
CAIE,9702,33,2021,w,ms,papers/9702/2021/w/9702_w21_ms_33.pdf,https://pastpapers.papacambridge.com/directories/CAIE/CAIE-pastpapers/upload/9702_w21_ms_33.pdf,294891,OK
CAIE,9702,33,2021,w,ci,papers/9702/2021/w/9702_w21_ci_33.pdf,https://pastpapers.papacambridge.com/directories/CAIE/CAIE-pastpapers/upload/9702_w21_ci_33.pdf,1548173,OK
CAIE,9702,34,2021,w,qp,papers/9702/2021/w/9702_w21_qp_34.pdf,https://pastpapers.papacambridge.com/directories/CAIE/CAIE-pastpapers/upload/9702_w21_qp_34.pdf,1053970,OK
CAIE,9702,34,2021,w,ms,papers/9702/2021/w/9702_w21_ms_34.pdf,https://pastpapers.papacambridge.com/directories/CAIE/CAIE-pastpapers/upload/9702_w21_ms_34.pdf,286589,OK
CAIE,9702,34,2021,w,ci,papers/9702/2021/w/9702_w21_ci_34.pdf,https://pastpapers.papacambridge.com/directories/CAIE/CAIE-pastpapers/upload/9702_w21_ci_34.pdf,1026541,OK
CAIE,9702,er,2021,w,er,papers/9702/2021/w/9702_w21_er.pdf,https://pastpapers.papacambridge.com/directories/CAIE/CAIE-pastpapers/upload/9702_w21_er.pdf,5002734,OK
CAIE,9702,gt,2021,w,gt,papers/9702/2021/w/9702_w21_gt.pdf,https://pastpapers.papacambridge.com/directories/CAIE/CAIE-pastpapers/upload/9702_w21_gt.pdf,144861,OK
CAIE,9702,11,2022,s,qp,papers/9702/2022/s/9702_s22_qp_11.pdf,https://pastpapers.papacambridge.com/directories/CAIE/CAIE-pastpapers/upload/9702_s22_qp_11.pdf,411392,OK
CAIE,9702,11,2022,s,ms,papers/9702/2022/s/9702_s22_ms_11.pdf,https://pastpapers.papacambridge.com/directories/CAIE/CAIE-pastpapers/upload/9702_s22_ms_11.pdf,163075,OK
CAIE,9702,12,2022,s,qp,papers/9702/2022/s/9702_s22_qp_12.pdf,https://pastpapers.papacambridge.com/directories/CAIE/CAIE-pastpapers/upload/9702_s22_qp_12.pdf,409341,OK
CAIE,9702,12,2022,s,ms,papers/9702/2022/s/9702_s22_ms_12.pdf,https://pastpapers.papacambridge.com/directories/CAIE/CAIE-pastpapers/upload/9702_s22_ms_12.pdf,163067,OK
CAIE,9702,13,2022,s,qp,papers/9702/2022/s/9702_s22_qp_13.pdf,https://pastpapers.papacambridge.com/directories/CAIE/CAIE-pastpapers/upload/9702_s22_qp_13.pdf,470031,OK
CAIE,9702,13,2022,s,ms,papers/9702/2022/s/9702_s22_ms_13.pdf,https://pastpapers.papacambridge.com/directories/CAIE/CAIE-pastpapers/upload/9702_s22_ms_13.pdf,163071,OK
CAIE,9702,22,2022,s,qp,papers/9702/2022/s/9702_s22_qp_22.pdf,https://pastpapers.papacambridge.com/directories/CAIE/CAIE-pastpapers/upload/9702_s22_qp_22.pdf,1269767,OK
CAIE,9702,22,2022,s,ms,papers/9702/2022/s/9702_s22_ms_22.pdf,https://pastpapers.papacambridge.com/directories/CAIE/CAIE-pastpapers/upload/9702_s22_ms_22.pdf,302528,OK
CAIE,9702,33,2022,s,qp,papers/9702/2022/s/9702_s22_qp_33.pdf,https://pastpapers.papacambridge.com/directories/CAIE/CAIE-pastpapers/upload/9702_s22_qp_33.pdf,1030984,OK
CAIE,9702,33,2022,s,ms,papers/9702/2022/s/9702_s22_ms_33.pdf,https://pastpapers.papacambridge.com/directories/CAIE/CAIE-pastpapers/upload/9702_s22_ms_33.pdf,293727,OK
CAIE,9702,33,2022,s,ci,papers/9702/2022/s/9702_s22_ci_33.pdf,https://pastpapers.papacambridge.com/directories/CAIE/CAIE-pastpapers/upload/9702_s22_ci_33.pdf,1634542,OK
CAIE,9702,34,2022,s,qp,papers/9702/2022/s/9702_s22_qp_34.pdf,https://pastpapers.papacambridge.com/directories/CAIE/CAIE-pastpapers/upload/9702_s22_qp_34.pdf,1058941,OK
CAIE,9702,34,2022,s,ms,papers/9702/2022/s/9702_s22_ms_34.pdf,https://pastpapers.papacambridge.com/directories/CAIE/CAIE-pastpapers/upload/9702_s22_ms_34.pdf,295856,OK
CAIE,9702,34,2022,s,ci,papers/9702/2022/s/9702_s22_ci_34.pdf,https://pastpapers.papacambridge.com/directories/CAIE/CAIE-pastpapers/upload/9702_s22_ci_34.pdf,1574958,OK
CAIE,9702,er,2022,s,er,papers/9702/2022/s/9702_s22_er.pdf,https://pastpapers.papacambridge.com/directories/CAIE/CAIE-pastpapers/upload/9702_s22_er.pdf,7980526,OK
CAIE,9702,gt,2022,s,gt,papers/9702/2022/s/9702_s22_gt.pdf,https://pastpapers.papacambridge.com/directories/CAIE/CAIE-pastpapers/upload/9702_s22_gt.pdf,148395,OK
CAIE,9702,11,2022,w,qp,papers/9702/2022/w/9702_w22_qp_11.pdf,https://pastpapers.papacambridge.com/directories/CAIE/CAIE-pastpapers/upload/9702_w22_qp_11.pdf,478945,OK
CAIE,9702,11,2022,w,ms,papers/9702/2022/w/9702_w22_ms_11.pdf,https://pastpapers.papacambridge.com/directories/CAIE/CAIE-pastpapers/upload/9702_w22_ms_11.pdf,128937,OK
CAIE,9702,12,2022,w,qp,papers/9702/2022/w/9702_w22_qp_12.pdf,https://pastpapers.papacambridge.com/directories/CAIE/CAIE-pastpapers/upload/9702_w22_qp_12.pdf,409093,OK
CAIE,9702,12,2022,w,ms,papers/9702/2022/w/9702_w22_ms_12.pdf,https://pastpapers.papacambridge.com/directories/CAIE/CAIE-pastpapers/upload/9702_w22_ms_12.pdf,128944,OK
CAIE,9702,13,2022,w,qp,papers/9702/2022/w/9702_w22_qp_13.pdf,https://pastpapers.papacambridge.com/directories/CAIE/CAIE-pastpapers/upload/9702_w22_qp_13.pdf,415365,OK
CAIE,9702,13,2022,w,ms,papers/9702/2022/w/9702_w22_ms_13.pdf,https://pastpapers.papacambridge.com/directories/CAIE/CAIE-pastpapers/upload/9702_w22_ms_13.pdf,128942,OK
CAIE,9702,22,2022,w,qp,papers/9702/2022/w/9702_w22_qp_22.pdf,https://pastpapers.papacambridge.com/directories/CAIE/CAIE-pastpapers/upload/9702_w22_qp_22.pdf,2445787,OK
CAIE,9702,22,2022,w,ms,papers/9702/2022/w/9702_w22_ms_22.pdf,https://pastpapers.papacambridge.com/directories/CAIE/CAIE-pastpapers/upload/9702_w22_ms_22.pdf,213025,OK
CAIE,9702,33,2022,w,qp,papers/9702/2022/w/9702_w22_qp_33.pdf,https://pastpapers.papacambridge.com/directories/CAIE/CAIE-pastpapers/upload/9702_w22_qp_33.pdf,1096476,OK
CAIE,9702,33,2022,w,ms,papers/9702/2022/w/9702_w22_ms_33.pdf,https://pastpapers.papacambridge.com/directories/CAIE/CAIE-pastpapers/upload/9702_w22_ms_33.pdf,254751,OK
CAIE,9702,33,2022,w,ci,papers/9702/2022/w/9702_w22_ci_33.pdf,https://pastpapers.papacambridge.com/directories/CAIE/CAIE-pastpapers/upload/9702_w22_ci_33.pdf,1610332,OK
CAIE,9702,34,2022,w,qp,papers/9702/2022/w/9702_w22_qp_34.pdf,https://pastpapers.papacambridge.com/directories/CAIE/CAIE-pastpapers/upload/9702_w22_qp_34.pdf,1128776,OK
CAIE,9702,34,2022,w,ms,papers/9702/2022/w/9702_w22_ms_34.pdf,https://pastpapers.papacambridge.com/directories/CAIE/CAIE-pastpapers/upload/9702_w22_ms_34.pdf,243590,OK
CAIE,9702,34,2022,w,ci,papers/9702/2022/w/9702_w22_ci_34.pdf,https://pastpapers.papacambridge.com/directories/CAIE/CAIE-pastpapers/upload/9702_w22_ci_34.pdf,1638819,OK
CAIE,9702,er,2022,w,er,papers/9702/2022/w/9702_w22_er.pdf,https://pastpapers.papacambridge.com/directories/CAIE/CAIE-pastpapers/upload/9702_w22_er.pdf,7684539,OK
CAIE,9702,gt,2022,w,gt,papers/9702/2022/w/9702_w22_gt.pdf,https://pastpapers.papacambridge.com/directories/CAIE/CAIE-pastpapers/upload/9702_w22_gt.pdf,147631,OK
CAIE,9702,11,2023,s,qp,papers/9702/2023/s/9702_s23_qp_11.pdf,https://pastpapers.papacambridge.com/directories/CAIE/CAIE-pastpapers/upload/9702_s23_qp_11.pdf,506698,OK
CAIE,9702,11,2023,s,ms,papers/9702/2023/s/9702_s23_ms_11.pdf,https://pastpapers.papacambridge.com/directories/CAIE/CAIE-pastpapers/upload/9702_s23_ms_11.pdf,147579,OK
CAIE,9702,12,2023,s,qp,papers/9702/2023/s/9702_s23_qp_12.pdf,https://pastpapers.papacambridge.com/directories/CAIE/CAIE-pastpapers/upload/9702_s23_qp_12.pdf,457454,OK
CAIE,9702,12,2023,s,ms,papers/9702/2023/s/9702_s23_ms_12.pdf,https://pastpapers.papacambridge.com/directories/CAIE/CAIE-pastpapers/upload/9702_s23_ms_12.pdf,147566,OK
CAIE,9702,13,2023,s,qp,papers/9702/2023/s/9702_s23_qp_13.pdf,https://pastpapers.papacambridge.com/directories/CAIE/CAIE-pastpapers/upload/9702_s23_qp_13.pdf,429782,OK
CAIE,9702,13,2023,s,ms,papers/9702/2023/s/9702_s23_ms_13.pdf,https://pastpapers.papacambridge.com/directories/CAIE/CAIE-pastpapers/upload/9702_s23_ms_13.pdf,147561,OK
CAIE,9702,22,2023,s,qp,papers/9702/2023/s/9702_s23_qp_22.pdf,https://pastpapers.papacambridge.com/directories/CAIE/CAIE-pastpapers/upload/9702_s23_qp_22.pdf,1137256,OK
CAIE,9702,22,2023,s,ms,papers/9702/2023/s/9702_s23_ms_22.pdf,https://pastpapers.papacambridge.com/directories/CAIE/CAIE-pastpapers/upload/9702_s23_ms_22.pdf,258217,OK
CAIE,9702,33,2023,s,qp,papers/9702/2023/s/9702_s23_qp_33.pdf,https://pastpapers.papacambridge.com/directories/CAIE/CAIE-pastpapers/upload/9702_s23_qp_33.pdf,836916,OK
CAIE,9702,33,2023,s,ms,papers/9702/2023/s/9702_s23_ms_33.pdf,https://pastpapers.papacambridge.com/directories/CAIE/CAIE-pastpapers/upload/9702_s23_ms_33.pdf,258374,OK
CAIE,9702,33,2023,s,ci,papers/9702/2023/s/9702_s23_ci_33.pdf,https://pastpapers.papacambridge.com/directories/CAIE/CAIE-pastpapers/upload/9702_s23_ci_33.pdf,1560424,OK
CAIE,9702,34,2023,s,qp,papers/9702/2023/s/9702_s23_qp_34.pdf,https://pastpapers.papacambridge.com/directories/CAIE/CAIE-pastpapers/upload/9702_s23_qp_34.pdf,767961,OK
CAIE,9702,34,2023,s,ms,papers/9702/2023/s/9702_s23_ms_34.pdf,https://pastpapers.papacambridge.com/directories/CAIE/CAIE-pastpapers/upload/9702_s23_ms_34.pdf,294543,OK
CAIE,9702,34,2023,s,ci,papers/9702/2023/s/9702_s23_ci_34.pdf,https://pastpapers.papacambridge.com/directories/CAIE/CAIE-pastpapers/upload/9702_s23_ci_34.pdf,769381,OK
CAIE,9702,er,2023,s,er,papers/9702/2023/s/9702_s23_er.pdf,https://pastpapers.papacambridge.com/directories/CAIE/CAIE-pastpapers/upload/9702_s23_er.pdf,8323606,OK
CAIE,9702,gt,2023,s,gt,papers/9702/2023/s/9702_s23_gt.pdf,https://pastpapers.papacambridge.com/directories/CAIE/CAIE-pastpapers/upload/9702_s23_gt.pdf,144643,OK
CAIE,9702,11,2023,w,qp,papers/9702/2023/w/9702_w23_qp_11.pdf,https://pastpapers.papacambridge.com/directories/CAIE/CAIE-pastpapers/upload/9702_w23_qp_11.pdf,458971,OK
CAIE,9702,11,2023,w,ms,papers/9702/2023/w/9702_w23_ms_11.pdf,https://pastpapers.papacambridge.com/directories/CAIE/CAIE-pastpapers/upload/9702_w23_ms_11.pdf,128156,OK
CAIE,9702,12,2023,w,qp,papers/9702/2023/w/9702_w23_qp_12.pdf,https://pastpapers.papacambridge.com/directories/CAIE/CAIE-pastpapers/upload/9702_w23_qp_12.pdf,469250,OK
CAIE,9702,12,2023,w,ms,papers/9702/2023/w/9702_w23_ms_12.pdf,https://pastpapers.papacambridge.com/directories/CAIE/CAIE-pastpapers/upload/9702_w23_ms_12.pdf,128170,OK
CAIE,9702,13,2023,w,qp,papers/9702/2023/w/9702_w23_qp_13.pdf,https://pastpapers.papacambridge.com/directories/CAIE/CAIE-pastpapers/upload/9702_w23_qp_13.pdf,461729,OK
CAIE,9702,13,2023,w,ms,papers/9702/2023/w/9702_w23_ms_13.pdf,https://pastpapers.papacambridge.com/directories/CAIE/CAIE-pastpapers/upload/9702_w23_ms_13.pdf,128164,OK
CAIE,9702,22,2023,w,qp,papers/9702/2023/w/9702_w23_qp_22.pdf,https://pastpapers.papacambridge.com/directories/CAIE/CAIE-pastpapers/upload/9702_w23_qp_22.pdf,1079722,OK
CAIE,9702,22,2023,w,ms,papers/9702/2023/w/9702_w23_ms_22.pdf,https://pastpapers.papacambridge.com/directories/CAIE/CAIE-pastpapers/upload/9702_w23_ms_22.pdf,231525,OK
CAIE,9702,33,2023,w,qp,papers/9702/2023/w/9702_w23_qp_33.pdf,https://pastpapers.papacambridge.com/directories/CAIE/CAIE-pastpapers/upload/9702_w23_qp_33.pdf,2135878,OK
CAIE,9702,33,2023,w,ms,papers/9702/2023/w/9702_w23_ms_33.pdf,https://pastpapers.papacambridge.com/directories/CAIE/CAIE-pastpapers/upload/9702_w23_ms_33.pdf,239182,OK
CAIE,9702,33,2023,w,ci,papers/9702/2023/w/9702_w23_ci_33.pdf,https://pastpapers.papacambridge.com/directories/CAIE/CAIE-pastpapers/upload/9702_w23_ci_33.pdf,637601,OK
CAIE,9702,34,2023,w,qp,papers/9702/2023/w/9702_w23_qp_34.pdf,https://pastpapers.papacambridge.com/directories/CAIE/CAIE-pastpapers/upload/9702_w23_qp_34.pdf,817590,OK
CAIE,9702,34,2023,w,ms,papers/9702/2023/w/9702_w23_ms_34.pdf,https://pastpapers.papacambridge.com/directories/CAIE/CAIE-pastpapers/upload/9702_w23_ms_34.pdf,230590,OK
CAIE,9702,34,2023,w,ci,papers/9702/2023/w/9702_w23_ci_34.pdf,https://pastpapers.papacambridge.com/directories/CAIE/CAIE-pastpapers/upload/9702_w23_ci_34.pdf,699183,OK
CAIE,9702,er,2023,w,er,papers/9702/2023/w/9702_w23_er.pdf,https://pastpapers.papacambridge.com/directories/CAIE/CAIE-pastpapers/upload/9702_w23_er.pdf,8466381,OK
CAIE,9702,gt,2023,w,gt,papers/9702/2023/w/9702_w23_gt.pdf,https://pastpapers.papacambridge.com/directories/CAIE/CAIE-pastpapers/upload/9702_w23_gt.pdf,144963,OK
CAIE,9702,11,2024,s,qp,papers/9702/2024/s/9702_s24_qp_11.pdf,https://pastpapers.papacambridge.com/directories/CAIE/CAIE-pastpapers/upload/9702_s24_qp_11.pdf,383194,OK
CAIE,9702,11,2024,s,ms,papers/9702/2024/s/9702_s24_ms_11.pdf,https://pastpapers.papacambridge.com/directories/CAIE/CAIE-pastpapers/upload/9702_s24_ms_11.pdf,96260,OK
CAIE,9702,12,2024,s,qp,papers/9702/2024/s/9702_s24_qp_12.pdf,https://pastpapers.papacambridge.com/directories/CAIE/CAIE-pastpapers/upload/9702_s24_qp_12.pdf,395895,OK
CAIE,9702,12,2024,s,ms,papers/9702/2024/s/9702_s24_ms_12.pdf,https://pastpapers.papacambridge.com/directories/CAIE/CAIE-pastpapers/upload/9702_s24_ms_12.pdf,96260,OK
CAIE,9702,13,2024,s,qp,papers/9702/2024/s/9702_s24_qp_13.pdf,https://pastpapers.papacambridge.com/directories/CAIE/CAIE-pastpapers/upload/9702_s24_qp_13.pdf,490184,OK
CAIE,9702,13,2024,s,ms,papers/9702/2024/s/9702_s24_ms_13.pdf,https://pastpapers.papacambridge.com/directories/CAIE/CAIE-pastpapers/upload/9702_s24_ms_13.pdf,96300,OK
CAIE,9702,22,2024,s,qp,papers/9702/2024/s/9702_s24_qp_22.pdf,https://pastpapers.papacambridge.com/directories/CAIE/CAIE-pastpapers/upload/9702_s24_qp_22.pdf,187100,OK
CAIE,9702,22,2024,s,ms,papers/9702/2024/s/9702_s24_ms_22.pdf,https://pastpapers.papacambridge.com/directories/CAIE/CAIE-pastpapers/upload/9702_s24_ms_22.pdf,225440,OK
CAIE,9702,33,2024,s,qp,papers/9702/2024/s/9702_s24_qp_33.pdf,https://pastpapers.papacambridge.com/directories/CAIE/CAIE-pastpapers/upload/9702_s24_qp_33.pdf,151608,OK
CAIE,9702,33,2024,s,ms,papers/9702/2024/s/9702_s24_ms_33.pdf,https://pastpapers.papacambridge.com/directories/CAIE/CAIE-pastpapers/upload/9702_s24_ms_33.pdf,229584,OK
CAIE,9702,33,2024,s,ci,papers/9702/2024/s/9702_s24_ci_33.pdf,https://pastpapers.papacambridge.com/directories/CAIE/CAIE-pastpapers/upload/9702_s24_ci_33.pdf,643884,OK
CAIE,9702,34,2024,s,qp,papers/9702/2024/s/9702_s24_qp_34.pdf,https://pastpapers.papacambridge.com/directories/CAIE/CAIE-pastpapers/upload/9702_s24_qp_34.pdf,150015,OK
CAIE,9702,34,2024,s,ms,papers/9702/2024/s/9702_s24_ms_34.pdf,https://pastpapers.papacambridge.com/directories/CAIE/CAIE-pastpapers/upload/9702_s24_ms_34.pdf,219373,OK
CAIE,9702,34,2024,s,ci,papers/9702/2024/s/9702_s24_ci_34.pdf,https://pastpapers.papacambridge.com/directories/CAIE/CAIE-pastpapers/upload/9702_s24_ci_34.pdf,675944,OK
CAIE,9702,er,2024,s,er,,https://pastpapers.papacambridge.com/directories/CAIE/CAIE-pastpapers/upload/9702_s24_er.pdf,,MISSING
CAIE,9702,gt,2024,s,gt,papers/9702/2024/s/9702_s24_gt.pdf,https://pastpapers.papacambridge.com/directories/CAIE/CAIE-pastpapers/upload/9702_s24_gt.pdf,108266,OK
CAIE,9702,11,2024,w,qp,papers/9702/2024/w/9702_w24_qp_11.pdf,https://pastpapers.papacambridge.com/directories/CAIE/CAIE-pastpapers/upload/9702_w24_qp_11.pdf,398384,OK
CAIE,9702,11,2024,w,ms,papers/9702/2024/w/9702_w24_ms_11.pdf,https://pastpapers.papacambridge.com/directories/CAIE/CAIE-pastpapers/upload/9702_w24_ms_11.pdf,132516,OK
CAIE,9702,12,2024,w,qp,papers/9702/2024/w/9702_w24_qp_12.pdf,https://pastpapers.papacambridge.com/directories/CAIE/CAIE-pastpapers/upload/9702_w24_qp_12.pdf,372119,OK
CAIE,9702,12,2024,w,ms,papers/9702/2024/w/9702_w24_ms_12.pdf,https://pastpapers.papacambridge.com/directories/CAIE/CAIE-pastpapers/upload/9702_w24_ms_12.pdf,132517,OK
CAIE,9702,13,2024,w,qp,papers/9702/2024/w/9702_w24_qp_13.pdf,https://pastpapers.papacambridge.com/directories/CAIE/CAIE-pastpapers/upload/9702_w24_qp_13.pdf,399740,OK
CAIE,9702,13,2024,w,ms,papers/9702/2024/w/9702_w24_ms_13.pdf,https://pastpapers.papacambridge.com/directories/CAIE/CAIE-pastpapers/upload/9702_w24_ms_13.pdf,132524,OK
CAIE,9702,22,2024,w,qp,papers/9702/2024/w/9702_w24_qp_22.pdf,https://pastpapers.papacambridge.com/directories/CAIE/CAIE-pastpapers/upload/9702_w24_qp_22.pdf,138644,OK
CAIE,9702,22,2024,w,ms,papers/9702/2024/w/9702_w24_ms_22.pdf,https://pastpapers.papacambridge.com/directories/CAIE/CAIE-pastpapers/upload/9702_w24_ms_22.pdf,208560,OK
CAIE,9702,33,2024,w,qp,papers/9702/2024/w/9702_w24_qp_33.pdf,https://pastpapers.papacambridge.com/directories/CAIE/CAIE-pastpapers/upload/9702_w24_qp_33.pdf,104587,OK
CAIE,9702,33,2024,w,ms,papers/9702/2024/w/9702_w24_ms_33.pdf,https://pastpapers.papacambridge.com/directories/CAIE/CAIE-pastpapers/upload/9702_w24_ms_33.pdf,307974,OK
CAIE,9702,33,2024,w,ci,papers/9702/2024/w/9702_w24_ci_33.pdf,https://pastpapers.papacambridge.com/directories/CAIE/CAIE-pastpapers/upload/9702_w24_ci_33.pdf,762606,OK
CAIE,9702,34,2024,w,qp,papers/9702/2024/w/9702_w24_qp_34.pdf,https://pastpapers.papacambridge.com/directories/CAIE/CAIE-pastpapers/upload/9702_w24_qp_34.pdf,102309,OK
CAIE,9702,34,2024,w,ms,papers/9702/2024/w/9702_w24_ms_34.pdf,https://pastpapers.papacambridge.com/directories/CAIE/CAIE-pastpapers/upload/9702_w24_ms_34.pdf,231474,OK
CAIE,9702,34,2024,w,ci,papers/9702/2024/w/9702_w24_ci_34.pdf,https://pastpapers.papacambridge.com/directories/CAIE/CAIE-pastpapers/upload/9702_w24_ci_34.pdf,1768517,OK
CAIE,9702,er,2024,w,er,,https://pastpapers.papacambridge.com/directories/CAIE/CAIE-pastpapers/upload/9702_w24_er.pdf,,MISSING
CAIE,9702,gt,2024,w,gt,papers/9702/2024/w/9702_w24_gt.pdf,https://pastpapers.papacambridge.com/directories/CAIE/CAIE-pastpapers/upload/9702_w24_gt.pdf,160793,OK
CAIE,9702,11,2025,s,qp,papers/9702/2025/s/9702_s25_qp_11.pdf,https://pastpapers.papacambridge.com/directories/CAIE/CAIE-pastpapers/upload/9702_s25_qp_11.pdf,410560,OK
CAIE,9702,11,2025,s,ms,papers/9702/2025/s/9702_s25_ms_11.pdf,https://pastpapers.papacambridge.com/directories/CAIE/CAIE-pastpapers/upload/9702_s25_ms_11.pdf,167928,OK
CAIE,9702,12,2025,s,qp,papers/9702/2025/s/9702_s25_qp_12.pdf,https://pastpapers.papacambridge.com/directories/CAIE/CAIE-pastpapers/upload/9702_s25_qp_12.pdf,408787,OK
CAIE,9702,12,2025,s,ms,papers/9702/2025/s/9702_s25_ms_12.pdf,https://pastpapers.papacambridge.com/directories/CAIE/CAIE-pastpapers/upload/9702_s25_ms_12.pdf,167924,OK
CAIE,9702,13,2025,s,qp,papers/9702/2025/s/9702_s25_qp_13.pdf,https://pastpapers.papacambridge.com/directories/CAIE/CAIE-pastpapers/upload/9702_s25_qp_13.pdf,417719,OK
CAIE,9702,13,2025,s,ms,papers/9702/2025/s/9702_s25_ms_13.pdf,https://pastpapers.papacambridge.com/directories/CAIE/CAIE-pastpapers/upload/9702_s25_ms_13.pdf,167926,OK
CAIE,9702,22,2025,s,qp,papers/9702/2025/s/9702_s25_qp_22.pdf,https://pastpapers.papacambridge.com/directories/CAIE/CAIE-pastpapers/upload/9702_s25_qp_22.pdf,178443,OK
CAIE,9702,22,2025,s,ms,papers/9702/2025/s/9702_s25_ms_22.pdf,https://pastpapers.papacambridge.com/directories/CAIE/CAIE-pastpapers/upload/9702_s25_ms_22.pdf,342888,OK
CAIE,9702,33,2025,s,qp,papers/9702/2025/s/9702_s25_qp_33.pdf,https://pastpapers.papacambridge.com/directories/CAIE/CAIE-pastpapers/upload/9702_s25_qp_33.pdf,118628,OK
CAIE,9702,33,2025,s,ms,papers/9702/2025/s/9702_s25_ms_33.pdf,https://pastpapers.papacambridge.com/directories/CAIE/CAIE-pastpapers/upload/9702_s25_ms_33.pdf,312342,OK
CAIE,9702,33,2025,s,ci,papers/9702/2025/s/9702_s25_ci_33.pdf,https://pastpapers.papacambridge.com/directories/CAIE/CAIE-pastpapers/upload/9702_s25_ci_33.pdf,2322104,OK
CAIE,9702,34,2025,s,qp,papers/9702/2025/s/9702_s25_qp_34.pdf,https://pastpapers.papacambridge.com/directories/CAIE/CAIE-pastpapers/upload/9702_s25_qp_34.pdf,105706,OK
CAIE,9702,34,2025,s,ms,papers/9702/2025/s/9702_s25_ms_34.pdf,https://pastpapers.papacambridge.com/directories/CAIE/CAIE-pastpapers/upload/9702_s25_ms_34.pdf,307324,OK
CAIE,9702,34,2025,s,ci,papers/9702/2025/s/9702_s25_ci_34.pdf,https://pastpapers.papacambridge.com/directories/CAIE/CAIE-pastpapers/upload/9702_s25_ci_34.pdf,2274976,OK
CAIE,9702,er,2025,s,er,,https://pastpapers.papacambridge.com/directories/CAIE/CAIE-pastpapers/upload/9702_s25_er.pdf,,MISSING
CAIE,9702,gt,2025,s,gt,papers/9702/2025/s/9702_s25_gt.pdf,https://pastpapers.papacambridge.com/directories/CAIE/CAIE-pastpapers/upload/9702_s25_gt.pdf,203802,OK
CAIE,9702,11,2025,w,qp,papers/9702/2025/w/9702_w25_qp_11.pdf,https://pastpapers.papacambridge.com/directories/CAIE/CAIE-pastpapers/upload/9702_w25_qp_11.pdf,424496,OK
CAIE,9702,11,2025,w,ms,papers/9702/2025/w/9702_w25_ms_11.pdf,https://pastpapers.papacambridge.com/directories/CAIE/CAIE-pastpapers/upload/9702_w25_ms_11.pdf,170779,OK
CAIE,9702,12,2025,w,qp,papers/9702/2025/w/9702_w25_qp_12.pdf,https://pastpapers.papacambridge.com/directories/CAIE/CAIE-pastpapers/upload/9702_w25_qp_12.pdf,369205,OK
CAIE,9702,12,2025,w,ms,papers/9702/2025/w/9702_w25_ms_12.pdf,https://pastpapers.papacambridge.com/directories/CAIE/CAIE-pastpapers/upload/9702_w25_ms_12.pdf,170784,OK
CAIE,9702,13,2025,w,qp,papers/9702/2025/w/9702_w25_qp_13.pdf,https://pastpapers.papacambridge.com/directories/CAIE/CAIE-pastpapers/upload/9702_w25_qp_13.pdf,424421,OK
CAIE,9702,13,2025,w,ms,papers/9702/2025/w/9702_w25_ms_13.pdf,https://pastpapers.papacambridge.com/directories/CAIE/CAIE-pastpapers/upload/9702_w25_ms_13.pdf,170783,OK
CAIE,9702,22,2025,w,qp,papers/9702/2025/w/9702_w25_qp_22.pdf,https://pastpapers.papacambridge.com/directories/CAIE/CAIE-pastpapers/upload/9702_w25_qp_22.pdf,134984,OK
CAIE,9702,22,2025,w,ms,papers/9702/2025/w/9702_w25_ms_22.pdf,https://pastpapers.papacambridge.com/directories/CAIE/CAIE-pastpapers/upload/9702_w25_ms_22.pdf,359687,OK
CAIE,9702,33,2025,w,qp,papers/9702/2025/w/9702_w25_qp_33.pdf,https://pastpapers.papacambridge.com/directories/CAIE/CAIE-pastpapers/upload/9702_w25_qp_33.pdf,118523,OK
CAIE,9702,33,2025,w,ms,papers/9702/2025/w/9702_w25_ms_33.pdf,https://pastpapers.papacambridge.com/directories/CAIE/CAIE-pastpapers/upload/9702_w25_ms_33.pdf,322479,OK
CAIE,9702,33,2025,w,ci,papers/9702/2025/w/9702_w25_ci_33.pdf,https://pastpapers.papacambridge.com/directories/CAIE/CAIE-pastpapers/upload/9702_w25_ci_33.pdf,2295635,OK
CAIE,9702,34,2025,w,qp,papers/9702/2025/w/9702_w25_qp_34.pdf,https://pastpapers.papacambridge.com/directories/CAIE/CAIE-pastpapers/upload/9702_w25_qp_34.pdf,107774,OK
CAIE,9702,34,2025,w,ms,papers/9702/2025/w/9702_w25_ms_34.pdf,https://pastpapers.papacambridge.com/directories/CAIE/CAIE-pastpapers/upload/9702_w25_ms_34.pdf,333712,OK
CAIE,9702,34,2025,w,ci,papers/9702/2025/w/9702_w25_ci_34.pdf,https://pastpapers.papacambridge.com/directories/CAIE/CAIE-pastpapers/upload/9702_w25_ci_34.pdf,1736335,OK
CAIE,9702,er,2025,w,er,,https://pastpapers.papacambridge.com/directories/CAIE/CAIE-pastpapers/upload/9702_w25_er.pdf,,MISSING
CAIE,9702,gt,2025,w,gt,papers/9702/2025/w/9702_w25_gt.pdf,https://pastpapers.papacambridge.com/directories/CAIE/CAIE-pastpapers/upload/9702_w25_gt.pdf,192191,OK
CAIE,9701,sp_1,specimen,sp,qp,,https://pastpapers.papacambridge.com/directories/CAIE/CAIE-pastpapers/upload/9701_y25_sp_1_qp.pdf,,MISSING
CAIE,9701,sp_1,specimen,sp,ms,,https://pastpapers.papacambridge.com/directories/CAIE/CAIE-pastpapers/upload/9701_y25_sp_1_ms.pdf,,MISSING
CAIE,9701,sp_11,specimen,sp,qp,,https://pastpapers.papacambridge.com/directories/CAIE/CAIE-pastpapers/upload/9701_y25_sp_11_qp.pdf,,MISSING
CAIE,9701,sp_11,specimen,sp,ms,,https://pastpapers.papacambridge.com/directories/CAIE/CAIE-pastpapers/upload/9701_y25_sp_11_ms.pdf,,MISSING
CAIE,9701,sp_12,specimen,sp,qp,,https://pastpapers.papacambridge.com/directories/CAIE/CAIE-pastpapers/upload/9701_y25_sp_12_qp.pdf,,MISSING
CAIE,9701,sp_12,specimen,sp,ms,,https://pastpapers.papacambridge.com/directories/CAIE/CAIE-pastpapers/upload/9701_y25_sp_12_ms.pdf,,MISSING
CAIE,9701,sp_13,specimen,sp,qp,,https://pastpapers.papacambridge.com/directories/CAIE/CAIE-pastpapers/upload/9701_y25_sp_13_qp.pdf,,MISSING
CAIE,9701,sp_13,specimen,sp,ms,,https://pastpapers.papacambridge.com/directories/CAIE/CAIE-pastpapers/upload/9701_y25_sp_13_ms.pdf,,MISSING
CAIE,9701,sp_2,specimen,sp,qp,,https://pastpapers.papacambridge.com/directories/CAIE/CAIE-pastpapers/upload/9701_y25_sp_2_qp.pdf,,MISSING
CAIE,9701,sp_2,specimen,sp,ms,,https://pastpapers.papacambridge.com/directories/CAIE/CAIE-pastpapers/upload/9701_y25_sp_2_ms.pdf,,MISSING
CAIE,9701,sp_22,specimen,sp,qp,,https://pastpapers.papacambridge.com/directories/CAIE/CAIE-pastpapers/upload/9701_y25_sp_22_qp.pdf,,MISSING
CAIE,9701,sp_22,specimen,sp,ms,,https://pastpapers.papacambridge.com/directories/CAIE/CAIE-pastpapers/upload/9701_y25_sp_22_ms.pdf,,MISSING
CAIE,9701,sp_3,specimen,sp,qp,,https://pastpapers.papacambridge.com/directories/CAIE/CAIE-pastpapers/upload/9701_y25_sp_3_qp.pdf,,MISSING
CAIE,9701,sp_3,specimen,sp,ms,,https://pastpapers.papacambridge.com/directories/CAIE/CAIE-pastpapers/upload/9701_y25_sp_3_ms.pdf,,MISSING
CAIE,9701,sp_33,specimen,sp,qp,,https://pastpapers.papacambridge.com/directories/CAIE/CAIE-pastpapers/upload/9701_y25_sp_33_qp.pdf,,MISSING
CAIE,9701,sp_33,specimen,sp,ms,,https://pastpapers.papacambridge.com/directories/CAIE/CAIE-pastpapers/upload/9701_y25_sp_33_ms.pdf,,MISSING
CAIE,9701,sp_34,specimen,sp,qp,,https://pastpapers.papacambridge.com/directories/CAIE/CAIE-pastpapers/upload/9701_y25_sp_34_qp.pdf,,MISSING
CAIE,9701,sp_34,specimen,sp,ms,,https://pastpapers.papacambridge.com/directories/CAIE/CAIE-pastpapers/upload/9701_y25_sp_34_ms.pdf,,MISSING
CAIE,9702,sp_1,specimen,sp,qp,,https://pastpapers.papacambridge.com/directories/CAIE/CAIE-pastpapers/upload/9702_y25_sp_1_qp.pdf,,MISSING
CAIE,9702,sp_1,specimen,sp,ms,,https://pastpapers.papacambridge.com/directories/CAIE/CAIE-pastpapers/upload/9702_y25_sp_1_ms.pdf,,MISSING
CAIE,9702,sp_11,specimen,sp,qp,,https://pastpapers.papacambridge.com/directories/CAIE/CAIE-pastpapers/upload/9702_y25_sp_11_qp.pdf,,MISSING
CAIE,9702,sp_11,specimen,sp,ms,,https://pastpapers.papacambridge.com/directories/CAIE/CAIE-pastpapers/upload/9702_y25_sp_11_ms.pdf,,MISSING
CAIE,9702,sp_12,specimen,sp,qp,,https://pastpapers.papacambridge.com/directories/CAIE/CAIE-pastpapers/upload/9702_y25_sp_12_qp.pdf,,MISSING
CAIE,9702,sp_12,specimen,sp,ms,,https://pastpapers.papacambridge.com/directories/CAIE/CAIE-pastpapers/upload/9702_y25_sp_12_ms.pdf,,MISSING
CAIE,9702,sp_13,specimen,sp,qp,,https://pastpapers.papacambridge.com/directories/CAIE/CAIE-pastpapers/upload/9702_y25_sp_13_qp.pdf,,MISSING
CAIE,9702,sp_13,specimen,sp,ms,,https://pastpapers.papacambridge.com/directories/CAIE/CAIE-pastpapers/upload/9702_y25_sp_13_ms.pdf,,MISSING
CAIE,9702,sp_2,specimen,sp,qp,,https://pastpapers.papacambridge.com/directories/CAIE/CAIE-pastpapers/upload/9702_y25_sp_2_qp.pdf,,MISSING
CAIE,9702,sp_2,specimen,sp,ms,,https://pastpapers.papacambridge.com/directories/CAIE/CAIE-pastpapers/upload/9702_y25_sp_2_ms.pdf,,MISSING
CAIE,9702,sp_22,specimen,sp,qp,,https://pastpapers.papacambridge.com/directories/CAIE/CAIE-pastpapers/upload/9702_y25_sp_22_qp.pdf,,MISSING
CAIE,9702,sp_22,specimen,sp,ms,,https://pastpapers.papacambridge.com/directories/CAIE/CAIE-pastpapers/upload/9702_y25_sp_22_ms.pdf,,MISSING
CAIE,9702,sp_3,specimen,sp,qp,,https://pastpapers.papacambridge.com/directories/CAIE/CAIE-pastpapers/upload/9702_y25_sp_3_qp.pdf,,MISSING
CAIE,9702,sp_3,specimen,sp,ms,,https://pastpapers.papacambridge.com/directories/CAIE/CAIE-pastpapers/upload/9702_y25_sp_3_ms.pdf,,MISSING
CAIE,9702,sp_33,specimen,sp,qp,,https://pastpapers.papacambridge.com/directories/CAIE/CAIE-pastpapers/upload/9702_y25_sp_33_qp.pdf,,MISSING
CAIE,9702,sp_33,specimen,sp,ms,,https://pastpapers.papacambridge.com/directories/CAIE/CAIE-pastpapers/upload/9702_y25_sp_33_ms.pdf,,MISSING
CAIE,9702,sp_34,specimen,sp,qp,,https://pastpapers.papacambridge.com/directories/CAIE/CAIE-pastpapers/upload/9702_y25_sp_34_qp.pdf,,MISSING
CAIE,9702,sp_34,specimen,sp,ms,,https://pastpapers.papacambridge.com/directories/CAIE/CAIE-pastpapers/upload/9702_y25_sp_34_ms.pdf,,MISSING
Edexcel_IAL,WMA11,WMA11,2019,Jan,qp,papers/ial/WMA11/WMA11_2019_Jan_qp.pdf,https://pmt.physicsandmathstutor.com/download/Maths/A-level/Papers/Edexcel-IAL/Pure/P1/QP/January%202019%20QP.pdf,370678,OK
Edexcel_IAL,WMA11,WMA11,2019,Jan,ms,papers/ial/WMA11/WMA11_2019_Jan_ms.pdf,https://pmt.physicsandmathstutor.com/download/Maths/A-level/Papers/Edexcel-IAL/Pure/P1/MS/January%202019%20MS.pdf,425341,OK
Edexcel_IAL,WMA11,WMA11,2019,Jun,qp,papers/ial/WMA11/WMA11_2019_Jun_qp.pdf,https://pmt.physicsandmathstutor.com/download/Maths/A-level/Papers/Edexcel-IAL/Pure/P1/QP/June%202019%20QP.pdf,186019,OK
Edexcel_IAL,WMA11,WMA11,2019,Jun,ms,papers/ial/WMA11/WMA11_2019_Jun_ms.pdf,https://pmt.physicsandmathstutor.com/download/Maths/A-level/Papers/Edexcel-IAL/Pure/P1/MS/June%202019%20MS.pdf,420422,OK
Edexcel_IAL,WMA11,WMA11,2019,Oct,qp,papers/ial/WMA11/WMA11_2019_Oct_qp.pdf,https://pmt.physicsandmathstutor.com/download/Maths/A-level/Papers/Edexcel-IAL/Pure/P1/QP/October%202019%20QP.pdf,200895,OK
Edexcel_IAL,WMA11,WMA11,2019,Oct,ms,papers/ial/WMA11/WMA11_2019_Oct_ms.pdf,https://pmt.physicsandmathstutor.com/download/Maths/A-level/Papers/Edexcel-IAL/Pure/P1/MS/October%202019%20MS.pdf,381227,OK
Edexcel_IAL,WMA11,WMA11,2020,Jan,qp,papers/ial/WMA11/WMA11_2020_Jan_qp.pdf,https://pmt.physicsandmathstutor.com/download/Maths/A-level/Papers/Edexcel-IAL/Pure/P1/QP/January%202020%20QP.pdf,246109,OK
Edexcel_IAL,WMA11,WMA11,2020,Jan,ms,papers/ial/WMA11/WMA11_2020_Jan_ms.pdf,https://pmt.physicsandmathstutor.com/download/Maths/A-level/Papers/Edexcel-IAL/Pure/P1/MS/January%202020%20MS.pdf,328633,OK
Edexcel_IAL,WMA11,WMA11,2020,Jun,qp,,https://pmt.physicsandmathstutor.com/download/Maths/A-level/Papers/Edexcel-IAL/Pure/P1/QP/June%202020%20QP.pdf,,MISSING
Edexcel_IAL,WMA11,WMA11,2020,Jun,ms,,https://pmt.physicsandmathstutor.com/download/Maths/A-level/Papers/Edexcel-IAL/Pure/P1/MS/June%202020%20MS.pdf,,MISSING
Edexcel_IAL,WMA11,WMA11,2020,Oct,qp,papers/ial/WMA11/WMA11_2020_Oct_qp.pdf,https://pmt.physicsandmathstutor.com/download/Maths/A-level/Papers/Edexcel-IAL/Pure/P1/QP/October%202020%20QP.pdf,670670,OK
Edexcel_IAL,WMA11,WMA11,2020,Oct,ms,papers/ial/WMA11/WMA11_2020_Oct_ms.pdf,https://pmt.physicsandmathstutor.com/download/Maths/A-level/Papers/Edexcel-IAL/Pure/P1/MS/October%202020%20MS.pdf,278002,OK
Edexcel_IAL,WMA11,WMA11,2021,Jan,qp,papers/ial/WMA11/WMA11_2021_Jan_qp.pdf,https://pmt.physicsandmathstutor.com/download/Maths/A-level/Papers/Edexcel-IAL/Pure/P1/QP/January%202021%20QP.pdf,666728,OK
Edexcel_IAL,WMA11,WMA11,2021,Jan,ms,papers/ial/WMA11/WMA11_2021_Jan_ms.pdf,https://pmt.physicsandmathstutor.com/download/Maths/A-level/Papers/Edexcel-IAL/Pure/P1/MS/January%202021%20MS.pdf,444485,OK
Edexcel_IAL,WMA11,WMA11,2021,Jun,qp,papers/ial/WMA11/WMA11_2021_Jun_qp.pdf,https://pmt.physicsandmathstutor.com/download/Maths/A-level/Papers/Edexcel-IAL/Pure/P1/QP/June%202021%20QP.pdf,692275,OK
Edexcel_IAL,WMA11,WMA11,2021,Jun,ms,papers/ial/WMA11/WMA11_2021_Jun_ms.pdf,https://pmt.physicsandmathstutor.com/download/Maths/A-level/Papers/Edexcel-IAL/Pure/P1/MS/June%202021%20MS.pdf,356108,OK
Edexcel_IAL,WMA11,WMA11,2021,Oct,qp,papers/ial/WMA11/WMA11_2021_Oct_qp.pdf,https://pmt.physicsandmathstutor.com/download/Maths/A-level/Papers/Edexcel-IAL/Pure/P1/QP/October%202021%20QP.pdf,774064,OK
Edexcel_IAL,WMA11,WMA11,2021,Oct,ms,papers/ial/WMA11/WMA11_2021_Oct_ms.pdf,https://pmt.physicsandmathstutor.com/download/Maths/A-level/Papers/Edexcel-IAL/Pure/P1/MS/October%202021%20MS.pdf,437785,OK
Edexcel_IAL,WMA11,WMA11,2022,Jan,qp,papers/ial/WMA11/WMA11_2022_Jan_qp.pdf,https://pmt.physicsandmathstutor.com/download/Maths/A-level/Papers/Edexcel-IAL/Pure/P1/QP/January%202022%20QP.pdf,666485,OK
Edexcel_IAL,WMA11,WMA11,2022,Jan,ms,papers/ial/WMA11/WMA11_2022_Jan_ms.pdf,https://pmt.physicsandmathstutor.com/download/Maths/A-level/Papers/Edexcel-IAL/Pure/P1/MS/January%202022%20MS.pdf,549408,OK
Edexcel_IAL,WMA11,WMA11,2022,Jun,qp,papers/ial/WMA11/WMA11_2022_Jun_qp.pdf,https://pmt.physicsandmathstutor.com/download/Maths/A-level/Papers/Edexcel-IAL/Pure/P1/QP/June%202022%20QP.pdf,804950,OK
Edexcel_IAL,WMA11,WMA11,2022,Jun,ms,papers/ial/WMA11/WMA11_2022_Jun_ms.pdf,https://pmt.physicsandmathstutor.com/download/Maths/A-level/Papers/Edexcel-IAL/Pure/P1/MS/June%202022%20MS.pdf,572215,OK
Edexcel_IAL,WMA11,WMA11,2022,Oct,qp,papers/ial/WMA11/WMA11_2022_Oct_qp.pdf,https://pmt.physicsandmathstutor.com/download/Maths/A-level/Papers/Edexcel-IAL/Pure/P1/QP/October%202022%20QP.pdf,763060,OK
Edexcel_IAL,WMA11,WMA11,2022,Oct,ms,papers/ial/WMA11/WMA11_2022_Oct_ms.pdf,https://pmt.physicsandmathstutor.com/download/Maths/A-level/Papers/Edexcel-IAL/Pure/P1/MS/October%202022%20MS.pdf,599412,OK
Edexcel_IAL,WMA11,WMA11,2023,Jan,qp,papers/ial/WMA11/WMA11_2023_Jan_qp.pdf,https://pmt.physicsandmathstutor.com/download/Maths/A-level/Papers/Edexcel-IAL/Pure/P1/QP/January%202023%20QP.pdf,746487,OK
Edexcel_IAL,WMA11,WMA11,2023,Jan,ms,papers/ial/WMA11/WMA11_2023_Jan_ms.pdf,https://pmt.physicsandmathstutor.com/download/Maths/A-level/Papers/Edexcel-IAL/Pure/P1/MS/January%202023%20MS.pdf,537184,OK
Edexcel_IAL,WMA11,WMA11,2023,Jun,qp,papers/ial/WMA11/WMA11_2023_Jun_qp.pdf,https://pmt.physicsandmathstutor.com/download/Maths/A-level/Papers/Edexcel-IAL/Pure/P1/QP/June%202023%20QP.pdf,740452,OK
Edexcel_IAL,WMA11,WMA11,2023,Jun,ms,papers/ial/WMA11/WMA11_2023_Jun_ms.pdf,https://pmt.physicsandmathstutor.com/download/Maths/A-level/Papers/Edexcel-IAL/Pure/P1/MS/June%202023%20MS.pdf,512875,OK
Edexcel_IAL,WMA11,WMA11,2023,Oct,qp,papers/ial/WMA11/WMA11_2023_Oct_qp.pdf,https://pmt.physicsandmathstutor.com/download/Maths/A-level/Papers/Edexcel-IAL/Pure/P1/QP/October%202023%20QP.pdf,442503,OK
Edexcel_IAL,WMA11,WMA11,2023,Oct,ms,papers/ial/WMA11/WMA11_2023_Oct_ms.pdf,https://pmt.physicsandmathstutor.com/download/Maths/A-level/Papers/Edexcel-IAL/Pure/P1/MS/October%202023%20MS.pdf,607762,OK
Edexcel_IAL,WMA11,WMA11,2024,Jan,qp,papers/ial/WMA11/WMA11_2024_Jan_qp.pdf,https://pmt.physicsandmathstutor.com/download/Maths/A-level/Papers/Edexcel-IAL/Pure/P1/QP/January%202024%20QP.pdf,261299,OK
Edexcel_IAL,WMA11,WMA11,2024,Jan,ms,papers/ial/WMA11/WMA11_2024_Jan_ms.pdf,https://pmt.physicsandmathstutor.com/download/Maths/A-level/Papers/Edexcel-IAL/Pure/P1/MS/January%202024%20MS.pdf,417236,OK
Edexcel_IAL,WMA11,WMA11,2024,Jun,qp,papers/ial/WMA11/WMA11_2024_Jun_qp.pdf,https://pmt.physicsandmathstutor.com/download/Maths/A-level/Papers/Edexcel-IAL/Pure/P1/QP/June%202024%20QP.pdf,361862,OK
Edexcel_IAL,WMA11,WMA11,2024,Jun,ms,papers/ial/WMA11/WMA11_2024_Jun_ms.pdf,https://pmt.physicsandmathstutor.com/download/Maths/A-level/Papers/Edexcel-IAL/Pure/P1/MS/June%202024%20MS.pdf,649768,OK
Edexcel_IAL,WMA11,WMA11,2024,Oct,qp,papers/ial/WMA11/WMA11_2024_Oct_qp.pdf,https://pmt.physicsandmathstutor.com/download/Maths/A-level/Papers/Edexcel-IAL/Pure/P1/QP/October%202024%20QP.pdf,377163,OK
Edexcel_IAL,WMA11,WMA11,2024,Oct,ms,papers/ial/WMA11/WMA11_2024_Oct_ms.pdf,https://pmt.physicsandmathstutor.com/download/Maths/A-level/Papers/Edexcel-IAL/Pure/P1/MS/October%202024%20MS.pdf,523794,OK
Edexcel_IAL,WMA11,WMA11,2025,Jan,qp,papers/ial/WMA11/WMA11_2025_Jan_qp.pdf,https://pmt.physicsandmathstutor.com/download/Maths/A-level/Papers/Edexcel-IAL/Pure/P1/QP/January%202025%20QP.pdf,303701,OK
Edexcel_IAL,WMA11,WMA11,2025,Jan,ms,papers/ial/WMA11/WMA11_2025_Jan_ms.pdf,https://pmt.physicsandmathstutor.com/download/Maths/A-level/Papers/Edexcel-IAL/Pure/P1/MS/January%202025%20MS.pdf,307640,OK
Edexcel_IAL,WMA11,WMA11,2025,Jun,qp,papers/ial/WMA11/WMA11_2025_Jun_qp.pdf,https://pmt.physicsandmathstutor.com/download/Maths/A-level/Papers/Edexcel-IAL/Pure/P1/QP/June%202025%20QP.pdf,343686,OK
Edexcel_IAL,WMA11,WMA11,2025,Jun,ms,papers/ial/WMA11/WMA11_2025_Jun_ms.pdf,https://pmt.physicsandmathstutor.com/download/Maths/A-level/Papers/Edexcel-IAL/Pure/P1/MS/June%202025%20MS.pdf,427168,OK
Edexcel_IAL,WMA11,WMA11,2025,Oct,qp,,https://pmt.physicsandmathstutor.com/download/Maths/A-level/Papers/Edexcel-IAL/Pure/P1/QP/October%202025%20QP.pdf,,MISSING
Edexcel_IAL,WMA11,WMA11,2025,Oct,ms,,https://pmt.physicsandmathstutor.com/download/Maths/A-level/Papers/Edexcel-IAL/Pure/P1/MS/October%202025%20MS.pdf,,MISSING
Edexcel_IAL,WMA12,WMA12,2019,Jan,qp,,https://pmt.physicsandmathstutor.com/download/Maths/A-level/Papers/Edexcel-IAL/Pure/P2/QP/January%202019%20QP.pdf,,MISSING
Edexcel_IAL,WMA12,WMA12,2019,Jan,ms,,https://pmt.physicsandmathstutor.com/download/Maths/A-level/Papers/Edexcel-IAL/Pure/P2/MS/January%202019%20MS.pdf,,MISSING
Edexcel_IAL,WMA12,WMA12,2019,Jun,qp,papers/ial/WMA12/WMA12_2019_Jun_qp.pdf,https://pmt.physicsandmathstutor.com/download/Maths/A-level/Papers/Edexcel-IAL/Pure/P2/QP/June%202019%20QP.pdf,521571,OK
Edexcel_IAL,WMA12,WMA12,2019,Jun,ms,papers/ial/WMA12/WMA12_2019_Jun_ms.pdf,https://pmt.physicsandmathstutor.com/download/Maths/A-level/Papers/Edexcel-IAL/Pure/P2/MS/June%202019%20MS.pdf,496689,OK
Edexcel_IAL,WMA12,WMA12,2019,Oct,qp,papers/ial/WMA12/WMA12_2019_Oct_qp.pdf,https://pmt.physicsandmathstutor.com/download/Maths/A-level/Papers/Edexcel-IAL/Pure/P2/QP/October%202019%20QP.pdf,381561,OK
Edexcel_IAL,WMA12,WMA12,2019,Oct,ms,papers/ial/WMA12/WMA12_2019_Oct_ms.pdf,https://pmt.physicsandmathstutor.com/download/Maths/A-level/Papers/Edexcel-IAL/Pure/P2/MS/October%202019%20MS.pdf,575061,OK
Edexcel_IAL,WMA12,WMA12,2020,Jan,qp,papers/ial/WMA12/WMA12_2020_Jan_qp.pdf,https://pmt.physicsandmathstutor.com/download/Maths/A-level/Papers/Edexcel-IAL/Pure/P2/QP/January%202020%20QP.pdf,526871,OK
Edexcel_IAL,WMA12,WMA12,2020,Jan,ms,papers/ial/WMA12/WMA12_2020_Jan_ms.pdf,https://pmt.physicsandmathstutor.com/download/Maths/A-level/Papers/Edexcel-IAL/Pure/P2/MS/January%202020%20MS.pdf,262182,OK
Edexcel_IAL,WMA12,WMA12,2020,Jun,qp,,https://pmt.physicsandmathstutor.com/download/Maths/A-level/Papers/Edexcel-IAL/Pure/P2/QP/June%202020%20QP.pdf,,MISSING
Edexcel_IAL,WMA12,WMA12,2020,Jun,ms,,https://pmt.physicsandmathstutor.com/download/Maths/A-level/Papers/Edexcel-IAL/Pure/P2/MS/June%202020%20MS.pdf,,MISSING
Edexcel_IAL,WMA12,WMA12,2020,Oct,qp,papers/ial/WMA12/WMA12_2020_Oct_qp.pdf,https://pmt.physicsandmathstutor.com/download/Maths/A-level/Papers/Edexcel-IAL/Pure/P2/QP/October%202020%20QP.pdf,642987,OK
Edexcel_IAL,WMA12,WMA12,2020,Oct,ms,papers/ial/WMA12/WMA12_2020_Oct_ms.pdf,https://pmt.physicsandmathstutor.com/download/Maths/A-level/Papers/Edexcel-IAL/Pure/P2/MS/October%202020%20MS.pdf,301750,OK
Edexcel_IAL,WMA12,WMA12,2021,Jan,qp,papers/ial/WMA12/WMA12_2021_Jan_qp.pdf,https://pmt.physicsandmathstutor.com/download/Maths/A-level/Papers/Edexcel-IAL/Pure/P2/QP/January%202021%20QP.pdf,701682,OK
Edexcel_IAL,WMA12,WMA12,2021,Jan,ms,papers/ial/WMA12/WMA12_2021_Jan_ms.pdf,https://pmt.physicsandmathstutor.com/download/Maths/A-level/Papers/Edexcel-IAL/Pure/P2/MS/January%202021%20MS.pdf,291106,OK
Edexcel_IAL,WMA12,WMA12,2021,Jun,qp,papers/ial/WMA12/WMA12_2021_Jun_qp.pdf,https://pmt.physicsandmathstutor.com/download/Maths/A-level/Papers/Edexcel-IAL/Pure/P2/QP/June%202021%20QP.pdf,702987,OK
Edexcel_IAL,WMA12,WMA12,2021,Jun,ms,papers/ial/WMA12/WMA12_2021_Jun_ms.pdf,https://pmt.physicsandmathstutor.com/download/Maths/A-level/Papers/Edexcel-IAL/Pure/P2/MS/June%202021%20MS.pdf,233808,OK
Edexcel_IAL,WMA12,WMA12,2021,Oct,qp,papers/ial/WMA12/WMA12_2021_Oct_qp.pdf,https://pmt.physicsandmathstutor.com/download/Maths/A-level/Papers/Edexcel-IAL/Pure/P2/QP/October%202021%20QP.pdf,725504,OK
Edexcel_IAL,WMA12,WMA12,2021,Oct,ms,papers/ial/WMA12/WMA12_2021_Oct_ms.pdf,https://pmt.physicsandmathstutor.com/download/Maths/A-level/Papers/Edexcel-IAL/Pure/P2/MS/October%202021%20MS.pdf,242055,OK
Edexcel_IAL,WMA12,WMA12,2022,Jan,qp,papers/ial/WMA12/WMA12_2022_Jan_qp.pdf,https://pmt.physicsandmathstutor.com/download/Maths/A-level/Papers/Edexcel-IAL/Pure/P2/QP/January%202022%20QP.pdf,643256,OK
Edexcel_IAL,WMA12,WMA12,2022,Jan,ms,papers/ial/WMA12/WMA12_2022_Jan_ms.pdf,https://pmt.physicsandmathstutor.com/download/Maths/A-level/Papers/Edexcel-IAL/Pure/P2/MS/January%202022%20MS.pdf,308773,OK
Edexcel_IAL,WMA12,WMA12,2022,Jun,qp,papers/ial/WMA12/WMA12_2022_Jun_qp.pdf,https://pmt.physicsandmathstutor.com/download/Maths/A-level/Papers/Edexcel-IAL/Pure/P2/QP/June%202022%20QP.pdf,622745,OK
Edexcel_IAL,WMA12,WMA12,2022,Jun,ms,papers/ial/WMA12/WMA12_2022_Jun_ms.pdf,https://pmt.physicsandmathstutor.com/download/Maths/A-level/Papers/Edexcel-IAL/Pure/P2/MS/June%202022%20MS.pdf,585271,OK
Edexcel_IAL,WMA12,WMA12,2022,Oct,qp,papers/ial/WMA12/WMA12_2022_Oct_qp.pdf,https://pmt.physicsandmathstutor.com/download/Maths/A-level/Papers/Edexcel-IAL/Pure/P2/QP/October%202022%20QP.pdf,798309,OK
Edexcel_IAL,WMA12,WMA12,2022,Oct,ms,papers/ial/WMA12/WMA12_2022_Oct_ms.pdf,https://pmt.physicsandmathstutor.com/download/Maths/A-level/Papers/Edexcel-IAL/Pure/P2/MS/October%202022%20MS.pdf,486192,OK
Edexcel_IAL,WMA12,WMA12,2023,Jan,qp,papers/ial/WMA12/WMA12_2023_Jan_qp.pdf,https://pmt.physicsandmathstutor.com/download/Maths/A-level/Papers/Edexcel-IAL/Pure/P2/QP/January%202023%20QP.pdf,661010,OK
Edexcel_IAL,WMA12,WMA12,2023,Jan,ms,papers/ial/WMA12/WMA12_2023_Jan_ms.pdf,https://pmt.physicsandmathstutor.com/download/Maths/A-level/Papers/Edexcel-IAL/Pure/P2/MS/January%202023%20MS.pdf,541015,OK
Edexcel_IAL,WMA12,WMA12,2023,Jun,qp,papers/ial/WMA12/WMA12_2023_Jun_qp.pdf,https://pmt.physicsandmathstutor.com/download/Maths/A-level/Papers/Edexcel-IAL/Pure/P2/QP/June%202023%20QP.pdf,181698,OK
Edexcel_IAL,WMA12,WMA12,2023,Jun,ms,papers/ial/WMA12/WMA12_2023_Jun_ms.pdf,https://pmt.physicsandmathstutor.com/download/Maths/A-level/Papers/Edexcel-IAL/Pure/P2/MS/June%202023%20MS.pdf,455755,OK
Edexcel_IAL,WMA12,WMA12,2023,Oct,qp,papers/ial/WMA12/WMA12_2023_Oct_qp.pdf,https://pmt.physicsandmathstutor.com/download/Maths/A-level/Papers/Edexcel-IAL/Pure/P2/QP/October%202023%20QP.pdf,247783,OK
Edexcel_IAL,WMA12,WMA12,2023,Oct,ms,papers/ial/WMA12/WMA12_2023_Oct_ms.pdf,https://pmt.physicsandmathstutor.com/download/Maths/A-level/Papers/Edexcel-IAL/Pure/P2/MS/October%202023%20MS.pdf,508748,OK
Edexcel_IAL,WMA12,WMA12,2024,Jan,qp,papers/ial/WMA12/WMA12_2024_Jan_qp.pdf,https://pmt.physicsandmathstutor.com/download/Maths/A-level/Papers/Edexcel-IAL/Pure/P2/QP/January%202024%20QP.pdf,232587,OK
Edexcel_IAL,WMA12,WMA12,2024,Jan,ms,papers/ial/WMA12/WMA12_2024_Jan_ms.pdf,https://pmt.physicsandmathstutor.com/download/Maths/A-level/Papers/Edexcel-IAL/Pure/P2/MS/January%202024%20MS.pdf,553456,OK
Edexcel_IAL,WMA12,WMA12,2024,Jun,qp,papers/ial/WMA12/WMA12_2024_Jun_qp.pdf,https://pmt.physicsandmathstutor.com/download/Maths/A-level/Papers/Edexcel-IAL/Pure/P2/QP/June%202024%20QP.pdf,178871,OK
Edexcel_IAL,WMA12,WMA12,2024,Jun,ms,papers/ial/WMA12/WMA12_2024_Jun_ms.pdf,https://pmt.physicsandmathstutor.com/download/Maths/A-level/Papers/Edexcel-IAL/Pure/P2/MS/June%202024%20MS.pdf,426421,OK
Edexcel_IAL,WMA12,WMA12,2024,Oct,qp,papers/ial/WMA12/WMA12_2024_Oct_qp.pdf,https://pmt.physicsandmathstutor.com/download/Maths/A-level/Papers/Edexcel-IAL/Pure/P2/QP/October%202024%20QP.pdf,179402,OK
Edexcel_IAL,WMA12,WMA12,2024,Oct,ms,papers/ial/WMA12/WMA12_2024_Oct_ms.pdf,https://pmt.physicsandmathstutor.com/download/Maths/A-level/Papers/Edexcel-IAL/Pure/P2/MS/October%202024%20MS.pdf,735650,OK
Edexcel_IAL,WMA12,WMA12,2025,Jan,qp,papers/ial/WMA12/WMA12_2025_Jan_qp.pdf,https://pmt.physicsandmathstutor.com/download/Maths/A-level/Papers/Edexcel-IAL/Pure/P2/QP/January%202025%20QP.pdf,334310,OK
Edexcel_IAL,WMA12,WMA12,2025,Jan,ms,papers/ial/WMA12/WMA12_2025_Jan_ms.pdf,https://pmt.physicsandmathstutor.com/download/Maths/A-level/Papers/Edexcel-IAL/Pure/P2/MS/January%202025%20MS.pdf,265878,OK
Edexcel_IAL,WMA12,WMA12,2025,Jun,qp,papers/ial/WMA12/WMA12_2025_Jun_qp.pdf,https://pmt.physicsandmathstutor.com/download/Maths/A-level/Papers/Edexcel-IAL/Pure/P2/QP/June%202025%20QP.pdf,472974,OK
Edexcel_IAL,WMA12,WMA12,2025,Jun,ms,papers/ial/WMA12/WMA12_2025_Jun_ms.pdf,https://pmt.physicsandmathstutor.com/download/Maths/A-level/Papers/Edexcel-IAL/Pure/P2/MS/June%202025%20MS.pdf,495471,OK
Edexcel_IAL,WMA12,WMA12,2025,Oct,qp,,https://pmt.physicsandmathstutor.com/download/Maths/A-level/Papers/Edexcel-IAL/Pure/P2/QP/October%202025%20QP.pdf,,MISSING
Edexcel_IAL,WMA12,WMA12,2025,Oct,ms,,https://pmt.physicsandmathstutor.com/download/Maths/A-level/Papers/Edexcel-IAL/Pure/P2/MS/October%202025%20MS.pdf,,MISSING
Edexcel_IAL,WMA13,WMA13,2019,Jan,qp,,https://pmt.physicsandmathstutor.com/download/Maths/A-level/Papers/Edexcel-IAL/Pure/P3/QP/January%202019%20QP.pdf,,MISSING
Edexcel_IAL,WMA13,WMA13,2019,Jan,ms,,https://pmt.physicsandmathstutor.com/download/Maths/A-level/Papers/Edexcel-IAL/Pure/P3/MS/January%202019%20MS.pdf,,MISSING
Edexcel_IAL,WMA13,WMA13,2019,Jun,qp,,https://pmt.physicsandmathstutor.com/download/Maths/A-level/Papers/Edexcel-IAL/Pure/P3/QP/June%202019%20QP.pdf,,MISSING
Edexcel_IAL,WMA13,WMA13,2019,Jun,ms,,https://pmt.physicsandmathstutor.com/download/Maths/A-level/Papers/Edexcel-IAL/Pure/P3/MS/June%202019%20MS.pdf,,MISSING
Edexcel_IAL,WMA13,WMA13,2019,Oct,qp,,https://pmt.physicsandmathstutor.com/download/Maths/A-level/Papers/Edexcel-IAL/Pure/P3/QP/October%202019%20QP.pdf,,MISSING
Edexcel_IAL,WMA13,WMA13,2019,Oct,ms,,https://pmt.physicsandmathstutor.com/download/Maths/A-level/Papers/Edexcel-IAL/Pure/P3/MS/October%202019%20MS.pdf,,MISSING
Edexcel_IAL,WMA13,WMA13,2020,Jan,qp,papers/ial/WMA13/WMA13_2020_Jan_qp.pdf,https://pmt.physicsandmathstutor.com/download/Maths/A-level/Papers/Edexcel-IAL/Pure/P3/QP/January%202020%20QP.pdf,739863,OK
Edexcel_IAL,WMA13,WMA13,2020,Jan,ms,papers/ial/WMA13/WMA13_2020_Jan_ms.pdf,https://pmt.physicsandmathstutor.com/download/Maths/A-level/Papers/Edexcel-IAL/Pure/P3/MS/January%202020%20MS.pdf,259882,OK
Edexcel_IAL,WMA13,WMA13,2020,Jun,qp,,https://pmt.physicsandmathstutor.com/download/Maths/A-level/Papers/Edexcel-IAL/Pure/P3/QP/June%202020%20QP.pdf,,MISSING
Edexcel_IAL,WMA13,WMA13,2020,Jun,ms,,https://pmt.physicsandmathstutor.com/download/Maths/A-level/Papers/Edexcel-IAL/Pure/P3/MS/June%202020%20MS.pdf,,MISSING
Edexcel_IAL,WMA13,WMA13,2020,Oct,qp,papers/ial/WMA13/WMA13_2020_Oct_qp.pdf,https://pmt.physicsandmathstutor.com/download/Maths/A-level/Papers/Edexcel-IAL/Pure/P3/QP/October%202020%20QP.pdf,891156,OK
Edexcel_IAL,WMA13,WMA13,2020,Oct,ms,papers/ial/WMA13/WMA13_2020_Oct_ms.pdf,https://pmt.physicsandmathstutor.com/download/Maths/A-level/Papers/Edexcel-IAL/Pure/P3/MS/October%202020%20MS.pdf,274336,OK
Edexcel_IAL,WMA13,WMA13,2021,Jan,qp,papers/ial/WMA13/WMA13_2021_Jan_qp.pdf,https://pmt.physicsandmathstutor.com/download/Maths/A-level/Papers/Edexcel-IAL/Pure/P3/QP/January%202021%20QP.pdf,789094,OK
Edexcel_IAL,WMA13,WMA13,2021,Jan,ms,papers/ial/WMA13/WMA13_2021_Jan_ms.pdf,https://pmt.physicsandmathstutor.com/download/Maths/A-level/Papers/Edexcel-IAL/Pure/P3/MS/January%202021%20MS.pdf,288426,OK
Edexcel_IAL,WMA13,WMA13,2021,Jun,qp,papers/ial/WMA13/WMA13_2021_Jun_qp.pdf,https://pmt.physicsandmathstutor.com/download/Maths/A-level/Papers/Edexcel-IAL/Pure/P3/QP/June%202021%20QP.pdf,763860,OK
Edexcel_IAL,WMA13,WMA13,2021,Jun,ms,papers/ial/WMA13/WMA13_2021_Jun_ms.pdf,https://pmt.physicsandmathstutor.com/download/Maths/A-level/Papers/Edexcel-IAL/Pure/P3/MS/June%202021%20MS.pdf,357907,OK
Edexcel_IAL,WMA13,WMA13,2021,Oct,qp,papers/ial/WMA13/WMA13_2021_Oct_qp.pdf,https://pmt.physicsandmathstutor.com/download/Maths/A-level/Papers/Edexcel-IAL/Pure/P3/QP/October%202021%20QP.pdf,803301,OK
Edexcel_IAL,WMA13,WMA13,2021,Oct,ms,papers/ial/WMA13/WMA13_2021_Oct_ms.pdf,https://pmt.physicsandmathstutor.com/download/Maths/A-level/Papers/Edexcel-IAL/Pure/P3/MS/October%202021%20MS.pdf,339493,OK
Edexcel_IAL,WMA13,WMA13,2022,Jan,qp,papers/ial/WMA13/WMA13_2022_Jan_qp.pdf,https://pmt.physicsandmathstutor.com/download/Maths/A-level/Papers/Edexcel-IAL/Pure/P3/QP/January%202022%20QP.pdf,712383,OK
Edexcel_IAL,WMA13,WMA13,2022,Jan,ms,papers/ial/WMA13/WMA13_2022_Jan_ms.pdf,https://pmt.physicsandmathstutor.com/download/Maths/A-level/Papers/Edexcel-IAL/Pure/P3/MS/January%202022%20MS.pdf,351805,OK
Edexcel_IAL,WMA13,WMA13,2022,Jun,qp,papers/ial/WMA13/WMA13_2022_Jun_qp.pdf,https://pmt.physicsandmathstutor.com/download/Maths/A-level/Papers/Edexcel-IAL/Pure/P3/QP/June%202022%20QP.pdf,833792,OK
Edexcel_IAL,WMA13,WMA13,2022,Jun,ms,papers/ial/WMA13/WMA13_2022_Jun_ms.pdf,https://pmt.physicsandmathstutor.com/download/Maths/A-level/Papers/Edexcel-IAL/Pure/P3/MS/June%202022%20MS.pdf,532729,OK
Edexcel_IAL,WMA13,WMA13,2022,Oct,qp,papers/ial/WMA13/WMA13_2022_Oct_qp.pdf,https://pmt.physicsandmathstutor.com/download/Maths/A-level/Papers/Edexcel-IAL/Pure/P3/QP/October%202022%20QP.pdf,859741,OK
Edexcel_IAL,WMA13,WMA13,2022,Oct,ms,papers/ial/WMA13/WMA13_2022_Oct_ms.pdf,https://pmt.physicsandmathstutor.com/download/Maths/A-level/Papers/Edexcel-IAL/Pure/P3/MS/October%202022%20MS.pdf,372249,OK
Edexcel_IAL,WMA13,WMA13,2023,Jan,qp,papers/ial/WMA13/WMA13_2023_Jan_qp.pdf,https://pmt.physicsandmathstutor.com/download/Maths/A-level/Papers/Edexcel-IAL/Pure/P3/QP/January%202023%20QP.pdf,364497,OK
Edexcel_IAL,WMA13,WMA13,2023,Jan,ms,papers/ial/WMA13/WMA13_2023_Jan_ms.pdf,https://pmt.physicsandmathstutor.com/download/Maths/A-level/Papers/Edexcel-IAL/Pure/P3/MS/January%202023%20MS.pdf,563795,OK
Edexcel_IAL,WMA13,WMA13,2023,Jun,qp,papers/ial/WMA13/WMA13_2023_Jun_qp.pdf,https://pmt.physicsandmathstutor.com/download/Maths/A-level/Papers/Edexcel-IAL/Pure/P3/QP/June%202023%20QP.pdf,866982,OK
Edexcel_IAL,WMA13,WMA13,2023,Jun,ms,papers/ial/WMA13/WMA13_2023_Jun_ms.pdf,https://pmt.physicsandmathstutor.com/download/Maths/A-level/Papers/Edexcel-IAL/Pure/P3/MS/June%202023%20MS.pdf,581007,OK
Edexcel_IAL,WMA13,WMA13,2023,Oct,qp,papers/ial/WMA13/WMA13_2023_Oct_qp.pdf,https://pmt.physicsandmathstutor.com/download/Maths/A-level/Papers/Edexcel-IAL/Pure/P3/QP/October%202023%20QP.pdf,329928,OK
Edexcel_IAL,WMA13,WMA13,2023,Oct,ms,papers/ial/WMA13/WMA13_2023_Oct_ms.pdf,https://pmt.physicsandmathstutor.com/download/Maths/A-level/Papers/Edexcel-IAL/Pure/P3/MS/October%202023%20MS.pdf,455212,OK
Edexcel_IAL,WMA13,WMA13,2024,Jan,qp,papers/ial/WMA13/WMA13_2024_Jan_qp.pdf,https://pmt.physicsandmathstutor.com/download/Maths/A-level/Papers/Edexcel-IAL/Pure/P3/QP/January%202024%20QP.pdf,452256,OK
Edexcel_IAL,WMA13,WMA13,2024,Jan,ms,papers/ial/WMA13/WMA13_2024_Jan_ms.pdf,https://pmt.physicsandmathstutor.com/download/Maths/A-level/Papers/Edexcel-IAL/Pure/P3/MS/January%202024%20MS.pdf,588620,OK
Edexcel_IAL,WMA13,WMA13,2024,Jun,qp,papers/ial/WMA13/WMA13_2024_Jun_qp.pdf,https://pmt.physicsandmathstutor.com/download/Maths/A-level/Papers/Edexcel-IAL/Pure/P3/QP/June%202024%20QP.pdf,526159,OK
Edexcel_IAL,WMA13,WMA13,2024,Jun,ms,papers/ial/WMA13/WMA13_2024_Jun_ms.pdf,https://pmt.physicsandmathstutor.com/download/Maths/A-level/Papers/Edexcel-IAL/Pure/P3/MS/June%202024%20MS.pdf,512686,OK
Edexcel_IAL,WMA13,WMA13,2024,Oct,qp,papers/ial/WMA13/WMA13_2024_Oct_qp.pdf,https://pmt.physicsandmathstutor.com/download/Maths/A-level/Papers/Edexcel-IAL/Pure/P3/QP/October%202024%20QP.pdf,352099,OK
Edexcel_IAL,WMA13,WMA13,2024,Oct,ms,papers/ial/WMA13/WMA13_2024_Oct_ms.pdf,https://pmt.physicsandmathstutor.com/download/Maths/A-level/Papers/Edexcel-IAL/Pure/P3/MS/October%202024%20MS.pdf,529636,OK
Edexcel_IAL,WMA13,WMA13,2025,Jan,qp,papers/ial/WMA13/WMA13_2025_Jan_qp.pdf,https://pmt.physicsandmathstutor.com/download/Maths/A-level/Papers/Edexcel-IAL/Pure/P3/QP/January%202025%20QP.pdf,361442,OK
Edexcel_IAL,WMA13,WMA13,2025,Jan,ms,papers/ial/WMA13/WMA13_2025_Jan_ms.pdf,https://pmt.physicsandmathstutor.com/download/Maths/A-level/Papers/Edexcel-IAL/Pure/P3/MS/January%202025%20MS.pdf,386790,OK
Edexcel_IAL,WMA13,WMA13,2025,Jun,qp,papers/ial/WMA13/WMA13_2025_Jun_qp.pdf,https://pmt.physicsandmathstutor.com/download/Maths/A-level/Papers/Edexcel-IAL/Pure/P3/QP/June%202025%20QP.pdf,586744,OK
Edexcel_IAL,WMA13,WMA13,2025,Jun,ms,papers/ial/WMA13/WMA13_2025_Jun_ms.pdf,https://pmt.physicsandmathstutor.com/download/Maths/A-level/Papers/Edexcel-IAL/Pure/P3/MS/June%202025%20MS.pdf,657151,OK
Edexcel_IAL,WMA13,WMA13,2025,Oct,qp,,https://pmt.physicsandmathstutor.com/download/Maths/A-level/Papers/Edexcel-IAL/Pure/P3/QP/October%202025%20QP.pdf,,MISSING
Edexcel_IAL,WMA13,WMA13,2025,Oct,ms,,https://pmt.physicsandmathstutor.com/download/Maths/A-level/Papers/Edexcel-IAL/Pure/P3/MS/October%202025%20MS.pdf,,MISSING
Edexcel_IAL,WST01,WST01,2019,Jan,qp,papers/ial/WST01/WST01_2019_Jan_qp.pdf,https://pmt.physicsandmathstutor.com/download/Maths/A-level/Papers/Edexcel-IAL/Statistics/S1/QP/January%202019%20QP.pdf,119816,OK
Edexcel_IAL,WST01,WST01,2019,Jan,ms,papers/ial/WST01/WST01_2019_Jan_ms.pdf,https://pmt.physicsandmathstutor.com/download/Maths/A-level/Papers/Edexcel-IAL/Statistics/S1/MS/January%202019%20MS.pdf,199052,OK
Edexcel_IAL,WST01,WST01,2019,Jun,qp,papers/ial/WST01/WST01_2019_Jun_qp.pdf,https://pmt.physicsandmathstutor.com/download/Maths/A-level/Papers/Edexcel-IAL/Statistics/S1/QP/June%202019%20QP.pdf,171126,OK
Edexcel_IAL,WST01,WST01,2019,Jun,ms,papers/ial/WST01/WST01_2019_Jun_ms.pdf,https://pmt.physicsandmathstutor.com/download/Maths/A-level/Papers/Edexcel-IAL/Statistics/S1/MS/June%202019%20MS.pdf,221916,OK
Edexcel_IAL,WST01,WST01,2019,Oct,qp,,https://pmt.physicsandmathstutor.com/download/Maths/A-level/Papers/Edexcel-IAL/Statistics/S1/QP/October%202019%20QP.pdf,,MISSING
Edexcel_IAL,WST01,WST01,2019,Oct,ms,,https://pmt.physicsandmathstutor.com/download/Maths/A-level/Papers/Edexcel-IAL/Statistics/S1/MS/October%202019%20MS.pdf,,MISSING
Edexcel_IAL,WST01,WST01,2020,Jan,qp,,https://pmt.physicsandmathstutor.com/download/Maths/A-level/Papers/Edexcel-IAL/Statistics/S1/QP/January%202020%20QP.pdf,,MISSING
Edexcel_IAL,WST01,WST01,2020,Jan,ms,,https://pmt.physicsandmathstutor.com/download/Maths/A-level/Papers/Edexcel-IAL/Statistics/S1/MS/January%202020%20MS.pdf,,MISSING
Edexcel_IAL,WST01,WST01,2020,Jun,qp,papers/ial/WST01/WST01_2020_Jun_qp.pdf,https://pmt.physicsandmathstutor.com/download/Maths/A-level/Papers/Edexcel-IAL/Statistics/S1/QP/June%202020%20QP.pdf,589020,OK
Edexcel_IAL,WST01,WST01,2020,Jun,ms,papers/ial/WST01/WST01_2020_Jun_ms.pdf,https://pmt.physicsandmathstutor.com/download/Maths/A-level/Papers/Edexcel-IAL/Statistics/S1/MS/June%202020%20MS.pdf,178871,OK
Edexcel_IAL,WST01,WST01,2020,Oct,qp,,https://pmt.physicsandmathstutor.com/download/Maths/A-level/Papers/Edexcel-IAL/Statistics/S1/QP/October%202020%20QP.pdf,,MISSING
Edexcel_IAL,WST01,WST01,2020,Oct,ms,,https://pmt.physicsandmathstutor.com/download/Maths/A-level/Papers/Edexcel-IAL/Statistics/S1/MS/October%202020%20MS.pdf,,MISSING
Edexcel_IAL,WST01,WST01,2021,Jan,qp,papers/ial/WST01/WST01_2021_Jan_qp.pdf,https://pmt.physicsandmathstutor.com/download/Maths/A-level/Papers/Edexcel-IAL/Statistics/S1/QP/January%202021%20QP.pdf,461193,OK
Edexcel_IAL,WST01,WST01,2021,Jan,ms,papers/ial/WST01/WST01_2021_Jan_ms.pdf,https://pmt.physicsandmathstutor.com/download/Maths/A-level/Papers/Edexcel-IAL/Statistics/S1/MS/January%202021%20MS.pdf,378122,OK
Edexcel_IAL,WST01,WST01,2021,Jun,qp,papers/ial/WST01/WST01_2021_Jun_qp.pdf,https://pmt.physicsandmathstutor.com/download/Maths/A-level/Papers/Edexcel-IAL/Statistics/S1/QP/June%202021%20QP.pdf,365570,OK
Edexcel_IAL,WST01,WST01,2021,Jun,ms,papers/ial/WST01/WST01_2021_Jun_ms.pdf,https://pmt.physicsandmathstutor.com/download/Maths/A-level/Papers/Edexcel-IAL/Statistics/S1/MS/June%202021%20MS.pdf,279998,OK
Edexcel_IAL,WST01,WST01,2021,Oct,qp,papers/ial/WST01/WST01_2021_Oct_qp.pdf,https://pmt.physicsandmathstutor.com/download/Maths/A-level/Papers/Edexcel-IAL/Statistics/S1/QP/October%202021%20QP.pdf,483818,OK
Edexcel_IAL,WST01,WST01,2021,Oct,ms,papers/ial/WST01/WST01_2021_Oct_ms.pdf,https://pmt.physicsandmathstutor.com/download/Maths/A-level/Papers/Edexcel-IAL/Statistics/S1/MS/October%202021%20MS.pdf,230819,OK
Edexcel_IAL,WST01,WST01,2022,Jan,qp,papers/ial/WST01/WST01_2022_Jan_qp.pdf,https://pmt.physicsandmathstutor.com/download/Maths/A-level/Papers/Edexcel-IAL/Statistics/S1/QP/January%202022%20QP.pdf,486323,OK
Edexcel_IAL,WST01,WST01,2022,Jan,ms,papers/ial/WST01/WST01_2022_Jan_ms.pdf,https://pmt.physicsandmathstutor.com/download/Maths/A-level/Papers/Edexcel-IAL/Statistics/S1/MS/January%202022%20MS.pdf,204766,OK
Edexcel_IAL,WST01,WST01,2022,Jun,qp,papers/ial/WST01/WST01_2022_Jun_qp.pdf,https://pmt.physicsandmathstutor.com/download/Maths/A-level/Papers/Edexcel-IAL/Statistics/S1/QP/June%202022%20QP.pdf,482316,OK
Edexcel_IAL,WST01,WST01,2022,Jun,ms,papers/ial/WST01/WST01_2022_Jun_ms.pdf,https://pmt.physicsandmathstutor.com/download/Maths/A-level/Papers/Edexcel-IAL/Statistics/S1/MS/June%202022%20MS.pdf,320155,OK
Edexcel_IAL,WST01,WST01,2022,Oct,qp,papers/ial/WST01/WST01_2022_Oct_qp.pdf,https://pmt.physicsandmathstutor.com/download/Maths/A-level/Papers/Edexcel-IAL/Statistics/S1/QP/October%202022%20QP.pdf,452983,OK
Edexcel_IAL,WST01,WST01,2022,Oct,ms,papers/ial/WST01/WST01_2022_Oct_ms.pdf,https://pmt.physicsandmathstutor.com/download/Maths/A-level/Papers/Edexcel-IAL/Statistics/S1/MS/October%202022%20MS.pdf,350044,OK
Edexcel_IAL,WST01,WST01,2023,Jan,qp,papers/ial/WST01/WST01_2023_Jan_qp.pdf,https://pmt.physicsandmathstutor.com/download/Maths/A-level/Papers/Edexcel-IAL/Statistics/S1/QP/January%202023%20QP.pdf,491383,OK
Edexcel_IAL,WST01,WST01,2023,Jan,ms,papers/ial/WST01/WST01_2023_Jan_ms.pdf,https://pmt.physicsandmathstutor.com/download/Maths/A-level/Papers/Edexcel-IAL/Statistics/S1/MS/January%202023%20MS.pdf,354953,OK
Edexcel_IAL,WST01,WST01,2023,Jun,qp,papers/ial/WST01/WST01_2023_Jun_qp.pdf,https://pmt.physicsandmathstutor.com/download/Maths/A-level/Papers/Edexcel-IAL/Statistics/S1/QP/June%202023%20QP.pdf,232249,OK
Edexcel_IAL,WST01,WST01,2023,Jun,ms,papers/ial/WST01/WST01_2023_Jun_ms.pdf,https://pmt.physicsandmathstutor.com/download/Maths/A-level/Papers/Edexcel-IAL/Statistics/S1/MS/June%202023%20MS.pdf,332979,OK
Edexcel_IAL,WST01,WST01,2023,Oct,qp,papers/ial/WST01/WST01_2023_Oct_qp.pdf,https://pmt.physicsandmathstutor.com/download/Maths/A-level/Papers/Edexcel-IAL/Statistics/S1/QP/October%202023%20QP.pdf,216608,OK
Edexcel_IAL,WST01,WST01,2023,Oct,ms,papers/ial/WST01/WST01_2023_Oct_ms.pdf,https://pmt.physicsandmathstutor.com/download/Maths/A-level/Papers/Edexcel-IAL/Statistics/S1/MS/October%202023%20MS.pdf,316524,OK
Edexcel_IAL,WST01,WST01,2024,Jan,qp,papers/ial/WST01/WST01_2024_Jan_qp.pdf,https://pmt.physicsandmathstutor.com/download/Maths/A-level/Papers/Edexcel-IAL/Statistics/S1/QP/January%202024%20QP.pdf,234196,OK
Edexcel_IAL,WST01,WST01,2024,Jan,ms,papers/ial/WST01/WST01_2024_Jan_ms.pdf,https://pmt.physicsandmathstutor.com/download/Maths/A-level/Papers/Edexcel-IAL/Statistics/S1/MS/January%202024%20MS.pdf,342592,OK
Edexcel_IAL,WST01,WST01,2024,Jun,qp,papers/ial/WST01/WST01_2024_Jun_qp.pdf,https://pmt.physicsandmathstutor.com/download/Maths/A-level/Papers/Edexcel-IAL/Statistics/S1/QP/June%202024%20QP.pdf,198570,OK
Edexcel_IAL,WST01,WST01,2024,Jun,ms,papers/ial/WST01/WST01_2024_Jun_ms.pdf,https://pmt.physicsandmathstutor.com/download/Maths/A-level/Papers/Edexcel-IAL/Statistics/S1/MS/June%202024%20MS.pdf,349669,OK
Edexcel_IAL,WST01,WST01,2024,Oct,qp,papers/ial/WST01/WST01_2024_Oct_qp.pdf,https://pmt.physicsandmathstutor.com/download/Maths/A-level/Papers/Edexcel-IAL/Statistics/S1/QP/October%202024%20QP.pdf,212105,OK
Edexcel_IAL,WST01,WST01,2024,Oct,ms,papers/ial/WST01/WST01_2024_Oct_ms.pdf,https://pmt.physicsandmathstutor.com/download/Maths/A-level/Papers/Edexcel-IAL/Statistics/S1/MS/October%202024%20MS.pdf,389484,OK
Edexcel_IAL,WST01,WST01,2025,Jan,qp,papers/ial/WST01/WST01_2025_Jan_qp.pdf,https://pmt.physicsandmathstutor.com/download/Maths/A-level/Papers/Edexcel-IAL/Statistics/S1/QP/January%202025%20QP.pdf,206777,OK
Edexcel_IAL,WST01,WST01,2025,Jan,ms,papers/ial/WST01/WST01_2025_Jan_ms.pdf,https://pmt.physicsandmathstutor.com/download/Maths/A-level/Papers/Edexcel-IAL/Statistics/S1/MS/January%202025%20MS.pdf,253870,OK
Edexcel_IAL,WST01,WST01,2025,Jun,qp,papers/ial/WST01/WST01_2025_Jun_qp.pdf,https://pmt.physicsandmathstutor.com/download/Maths/A-level/Papers/Edexcel-IAL/Statistics/S1/QP/June%202025%20QP.pdf,172512,OK
Edexcel_IAL,WST01,WST01,2025,Jun,ms,papers/ial/WST01/WST01_2025_Jun_ms.pdf,https://pmt.physicsandmathstutor.com/download/Maths/A-level/Papers/Edexcel-IAL/Statistics/S1/MS/June%202025%20MS.pdf,361681,OK
Edexcel_IAL,WST01,WST01,2025,Oct,qp,,https://pmt.physicsandmathstutor.com/download/Maths/A-level/Papers/Edexcel-IAL/Statistics/S1/QP/October%202025%20QP.pdf,,MISSING
Edexcel_IAL,WST01,WST01,2025,Oct,ms,,https://pmt.physicsandmathstutor.com/download/Maths/A-level/Papers/Edexcel-IAL/Statistics/S1/MS/October%202025%20MS.pdf,,MISSING
Edexcel_IAL,WME01,WME01,2019,Jan,qp,papers/ial/WME01/WME01_2019_Jan_qp.pdf,https://pmt.physicsandmathstutor.com/download/Maths/A-level/Papers/Edexcel-IAL/Mechanics/M1/QP/January%202019%20QP.pdf,244844,OK
Edexcel_IAL,WME01,WME01,2019,Jan,ms,papers/ial/WME01/WME01_2019_Jan_ms.pdf,https://pmt.physicsandmathstutor.com/download/Maths/A-level/Papers/Edexcel-IAL/Mechanics/M1/MS/January%202019%20MS.pdf,225129,OK
Edexcel_IAL,WME01,WME01,2019,Jun,qp,,https://pmt.physicsandmathstutor.com/download/Maths/A-level/Papers/Edexcel-IAL/Mechanics/M1/QP/June%202019%20QP.pdf,,MISSING
Edexcel_IAL,WME01,WME01,2019,Jun,ms,papers/ial/WME01/WME01_2019_Jun_ms.pdf,https://pmt.physicsandmathstutor.com/download/Maths/A-level/Papers/Edexcel-IAL/Mechanics/M1/MS/June%202019%20MS.pdf,304474,OK
Edexcel_IAL,WME01,WME01,2019,Oct,qp,,https://pmt.physicsandmathstutor.com/download/Maths/A-level/Papers/Edexcel-IAL/Mechanics/M1/QP/October%202019%20QP.pdf,,MISSING
Edexcel_IAL,WME01,WME01,2019,Oct,ms,,https://pmt.physicsandmathstutor.com/download/Maths/A-level/Papers/Edexcel-IAL/Mechanics/M1/MS/October%202019%20MS.pdf,,MISSING
Edexcel_IAL,WME01,WME01,2020,Jan,qp,papers/ial/WME01/WME01_2020_Jan_qp.pdf,https://pmt.physicsandmathstutor.com/download/Maths/A-level/Papers/Edexcel-IAL/Mechanics/M1/QP/January%202020%20QP.pdf,498573,OK
Edexcel_IAL,WME01,WME01,2020,Jan,ms,papers/ial/WME01/WME01_2020_Jan_ms.pdf,https://pmt.physicsandmathstutor.com/download/Maths/A-level/Papers/Edexcel-IAL/Mechanics/M1/MS/January%202020%20MS.pdf,189460,OK
Edexcel_IAL,WME01,WME01,2020,Jun,qp,papers/ial/WME01/WME01_2020_Jun_qp.pdf,https://pmt.physicsandmathstutor.com/download/Maths/A-level/Papers/Edexcel-IAL/Mechanics/M1/QP/June%202020%20QP.pdf,698280,OK
Edexcel_IAL,WME01,WME01,2020,Jun,ms,papers/ial/WME01/WME01_2020_Jun_ms.pdf,https://pmt.physicsandmathstutor.com/download/Maths/A-level/Papers/Edexcel-IAL/Mechanics/M1/MS/June%202020%20MS.pdf,190859,OK
Edexcel_IAL,WME01,WME01,2020,Oct,qp,,https://pmt.physicsandmathstutor.com/download/Maths/A-level/Papers/Edexcel-IAL/Mechanics/M1/QP/October%202020%20QP.pdf,,MISSING
Edexcel_IAL,WME01,WME01,2020,Oct,ms,,https://pmt.physicsandmathstutor.com/download/Maths/A-level/Papers/Edexcel-IAL/Mechanics/M1/MS/October%202020%20MS.pdf,,MISSING
Edexcel_IAL,WME01,WME01,2021,Jan,qp,papers/ial/WME01/WME01_2021_Jan_qp.pdf,https://pmt.physicsandmathstutor.com/download/Maths/A-level/Papers/Edexcel-IAL/Mechanics/M1/QP/January%202021%20QP.pdf,502226,OK
Edexcel_IAL,WME01,WME01,2021,Jan,ms,papers/ial/WME01/WME01_2021_Jan_ms.pdf,https://pmt.physicsandmathstutor.com/download/Maths/A-level/Papers/Edexcel-IAL/Mechanics/M1/MS/January%202021%20MS.pdf,181189,OK
Edexcel_IAL,WME01,WME01,2021,Jun,qp,papers/ial/WME01/WME01_2021_Jun_qp.pdf,https://pmt.physicsandmathstutor.com/download/Maths/A-level/Papers/Edexcel-IAL/Mechanics/M1/QP/June%202021%20QP.pdf,195585,OK
Edexcel_IAL,WME01,WME01,2021,Jun,ms,papers/ial/WME01/WME01_2021_Jun_ms.pdf,https://pmt.physicsandmathstutor.com/download/Maths/A-level/Papers/Edexcel-IAL/Mechanics/M1/MS/June%202021%20MS.pdf,194518,OK
Edexcel_IAL,WME01,WME01,2021,Oct,qp,papers/ial/WME01/WME01_2021_Oct_qp.pdf,https://pmt.physicsandmathstutor.com/download/Maths/A-level/Papers/Edexcel-IAL/Mechanics/M1/QP/October%202021%20QP.pdf,648174,OK
Edexcel_IAL,WME01,WME01,2021,Oct,ms,papers/ial/WME01/WME01_2021_Oct_ms.pdf,https://pmt.physicsandmathstutor.com/download/Maths/A-level/Papers/Edexcel-IAL/Mechanics/M1/MS/October%202021%20MS.pdf,173247,OK
Edexcel_IAL,WME01,WME01,2022,Jan,qp,papers/ial/WME01/WME01_2022_Jan_qp.pdf,https://pmt.physicsandmathstutor.com/download/Maths/A-level/Papers/Edexcel-IAL/Mechanics/M1/QP/January%202022%20QP.pdf,608075,OK
Edexcel_IAL,WME01,WME01,2022,Jan,ms,papers/ial/WME01/WME01_2022_Jan_ms.pdf,https://pmt.physicsandmathstutor.com/download/Maths/A-level/Papers/Edexcel-IAL/Mechanics/M1/MS/January%202022%20MS.pdf,195758,OK
Edexcel_IAL,WME01,WME01,2022,Jun,qp,papers/ial/WME01/WME01_2022_Jun_qp.pdf,https://pmt.physicsandmathstutor.com/download/Maths/A-level/Papers/Edexcel-IAL/Mechanics/M1/QP/June%202022%20QP.pdf,514419,OK
Edexcel_IAL,WME01,WME01,2022,Jun,ms,papers/ial/WME01/WME01_2022_Jun_ms.pdf,https://pmt.physicsandmathstutor.com/download/Maths/A-level/Papers/Edexcel-IAL/Mechanics/M1/MS/June%202022%20MS.pdf,336520,OK
Edexcel_IAL,WME01,WME01,2022,Oct,qp,papers/ial/WME01/WME01_2022_Oct_qp.pdf,https://pmt.physicsandmathstutor.com/download/Maths/A-level/Papers/Edexcel-IAL/Mechanics/M1/QP/October%202022%20QP.pdf,669139,OK
Edexcel_IAL,WME01,WME01,2022,Oct,ms,papers/ial/WME01/WME01_2022_Oct_ms.pdf,https://pmt.physicsandmathstutor.com/download/Maths/A-level/Papers/Edexcel-IAL/Mechanics/M1/MS/October%202022%20MS.pdf,376079,OK
Edexcel_IAL,WME01,WME01,2023,Jan,qp,papers/ial/WME01/WME01_2023_Jan_qp.pdf,https://pmt.physicsandmathstutor.com/download/Maths/A-level/Papers/Edexcel-IAL/Mechanics/M1/QP/January%202023%20QP.pdf,441795,OK
Edexcel_IAL,WME01,WME01,2023,Jan,ms,papers/ial/WME01/WME01_2023_Jan_ms.pdf,https://pmt.physicsandmathstutor.com/download/Maths/A-level/Papers/Edexcel-IAL/Mechanics/M1/MS/January%202023%20MS.pdf,346146,OK
Edexcel_IAL,WME01,WME01,2023,Jun,qp,papers/ial/WME01/WME01_2023_Jun_qp.pdf,https://pmt.physicsandmathstutor.com/download/Maths/A-level/Papers/Edexcel-IAL/Mechanics/M1/QP/June%202023%20QP.pdf,349226,OK
Edexcel_IAL,WME01,WME01,2023,Jun,ms,papers/ial/WME01/WME01_2023_Jun_ms.pdf,https://pmt.physicsandmathstutor.com/download/Maths/A-level/Papers/Edexcel-IAL/Mechanics/M1/MS/June%202023%20MS.pdf,476737,OK
Edexcel_IAL,WME01,WME01,2023,Oct,qp,papers/ial/WME01/WME01_2023_Oct_qp.pdf,https://pmt.physicsandmathstutor.com/download/Maths/A-level/Papers/Edexcel-IAL/Mechanics/M1/QP/October%202023%20QP.pdf,308979,OK
Edexcel_IAL,WME01,WME01,2023,Oct,ms,papers/ial/WME01/WME01_2023_Oct_ms.pdf,https://pmt.physicsandmathstutor.com/download/Maths/A-level/Papers/Edexcel-IAL/Mechanics/M1/MS/October%202023%20MS.pdf,354568,OK
Edexcel_IAL,WME01,WME01,2024,Jan,qp,papers/ial/WME01/WME01_2024_Jan_qp.pdf,https://pmt.physicsandmathstutor.com/download/Maths/A-level/Papers/Edexcel-IAL/Mechanics/M1/QP/January%202024%20QP.pdf,320427,OK
Edexcel_IAL,WME01,WME01,2024,Jan,ms,papers/ial/WME01/WME01_2024_Jan_ms.pdf,https://pmt.physicsandmathstutor.com/download/Maths/A-level/Papers/Edexcel-IAL/Mechanics/M1/MS/January%202024%20MS.pdf,392122,OK
Edexcel_IAL,WME01,WME01,2024,Jun,qp,papers/ial/WME01/WME01_2024_Jun_qp.pdf,https://pmt.physicsandmathstutor.com/download/Maths/A-level/Papers/Edexcel-IAL/Mechanics/M1/QP/June%202024%20QP.pdf,134791,OK
Edexcel_IAL,WME01,WME01,2024,Jun,ms,papers/ial/WME01/WME01_2024_Jun_ms.pdf,https://pmt.physicsandmathstutor.com/download/Maths/A-level/Papers/Edexcel-IAL/Mechanics/M1/MS/June%202024%20MS.pdf,364842,OK
Edexcel_IAL,WME01,WME01,2024,Oct,qp,papers/ial/WME01/WME01_2024_Oct_qp.pdf,https://pmt.physicsandmathstutor.com/download/Maths/A-level/Papers/Edexcel-IAL/Mechanics/M1/QP/October%202024%20QP.pdf,310576,OK
Edexcel_IAL,WME01,WME01,2024,Oct,ms,papers/ial/WME01/WME01_2024_Oct_ms.pdf,https://pmt.physicsandmathstutor.com/download/Maths/A-level/Papers/Edexcel-IAL/Mechanics/M1/MS/October%202024%20MS.pdf,365119,OK
Edexcel_IAL,WME01,WME01,2025,Jan,qp,papers/ial/WME01/WME01_2025_Jan_qp.pdf,https://pmt.physicsandmathstutor.com/download/Maths/A-level/Papers/Edexcel-IAL/Mechanics/M1/QP/January%202025%20QP.pdf,389527,OK
Edexcel_IAL,WME01,WME01,2025,Jan,ms,papers/ial/WME01/WME01_2025_Jan_ms.pdf,https://pmt.physicsandmathstutor.com/download/Maths/A-level/Papers/Edexcel-IAL/Mechanics/M1/MS/January%202025%20MS.pdf,245629,OK
Edexcel_IAL,WME01,WME01,2025,Jun,qp,papers/ial/WME01/WME01_2025_Jun_qp.pdf,https://pmt.physicsandmathstutor.com/download/Maths/A-level/Papers/Edexcel-IAL/Mechanics/M1/QP/June%202025%20QP.pdf,309527,OK
Edexcel_IAL,WME01,WME01,2025,Jun,ms,papers/ial/WME01/WME01_2025_Jun_ms.pdf,https://pmt.physicsandmathstutor.com/download/Maths/A-level/Papers/Edexcel-IAL/Mechanics/M1/MS/June%202025%20MS.pdf,391107,OK
Edexcel_IAL,WME01,WME01,2025,Oct,qp,,https://pmt.physicsandmathstutor.com/download/Maths/A-level/Papers/Edexcel-IAL/Mechanics/M1/QP/October%202025%20QP.pdf,,MISSING
Edexcel_IAL,WME01,WME01,2025,Oct,ms,,https://pmt.physicsandmathstutor.com/download/Maths/A-level/Papers/Edexcel-IAL/Mechanics/M1/MS/October%202025%20MS.pdf,,MISSING
Edexcel_IAL,WFM01,WFM01,2019,Jan,qp,,https://pmt.physicsandmathstutor.com/download/Maths/A-level/Papers/Edexcel-IAL/Further-Pure/F1/QP/January%202019%20QP.pdf,,MISSING
Edexcel_IAL,WFM01,WFM01,2019,Jan,ms,,https://pmt.physicsandmathstutor.com/download/Maths/A-level/Papers/Edexcel-IAL/Further-Pure/F1/MS/January%202019%20MS.pdf,,MISSING
Edexcel_IAL,WFM01,WFM01,2019,Jun,qp,,https://pmt.physicsandmathstutor.com/download/Maths/A-level/Papers/Edexcel-IAL/Further-Pure/F1/QP/June%202019%20QP.pdf,,MISSING
Edexcel_IAL,WFM01,WFM01,2019,Jun,ms,,https://pmt.physicsandmathstutor.com/download/Maths/A-level/Papers/Edexcel-IAL/Further-Pure/F1/MS/June%202019%20MS.pdf,,MISSING
Edexcel_IAL,WFM01,WFM01,2019,Oct,qp,,https://pmt.physicsandmathstutor.com/download/Maths/A-level/Papers/Edexcel-IAL/Further-Pure/F1/QP/October%202019%20QP.pdf,,MISSING
Edexcel_IAL,WFM01,WFM01,2019,Oct,ms,,https://pmt.physicsandmathstutor.com/download/Maths/A-level/Papers/Edexcel-IAL/Further-Pure/F1/MS/October%202019%20MS.pdf,,MISSING
Edexcel_IAL,WFM01,WFM01,2020,Jan,qp,,https://pmt.physicsandmathstutor.com/download/Maths/A-level/Papers/Edexcel-IAL/Further-Pure/F1/QP/January%202020%20QP.pdf,,MISSING
Edexcel_IAL,WFM01,WFM01,2020,Jan,ms,,https://pmt.physicsandmathstutor.com/download/Maths/A-level/Papers/Edexcel-IAL/Further-Pure/F1/MS/January%202020%20MS.pdf,,MISSING
Edexcel_IAL,WFM01,WFM01,2020,Jun,qp,papers/ial/WFM01/WFM01_2020_Jun_qp.pdf,https://pmt.physicsandmathstutor.com/download/Maths/A-level/Papers/Edexcel-IAL/Further-Pure/F1/QP/June%202020%20QP.pdf,540048,OK
Edexcel_IAL,WFM01,WFM01,2020,Jun,ms,papers/ial/WFM01/WFM01_2020_Jun_ms.pdf,https://pmt.physicsandmathstutor.com/download/Maths/A-level/Papers/Edexcel-IAL/Further-Pure/F1/MS/June%202020%20MS.pdf,357350,OK
Edexcel_IAL,WFM01,WFM01,2020,Oct,qp,,https://pmt.physicsandmathstutor.com/download/Maths/A-level/Papers/Edexcel-IAL/Further-Pure/F1/QP/October%202020%20QP.pdf,,MISSING
Edexcel_IAL,WFM01,WFM01,2020,Oct,ms,,https://pmt.physicsandmathstutor.com/download/Maths/A-level/Papers/Edexcel-IAL/Further-Pure/F1/MS/October%202020%20MS.pdf,,MISSING
Edexcel_IAL,WFM01,WFM01,2021,Jan,qp,papers/ial/WFM01/WFM01_2021_Jan_qp.pdf,https://pmt.physicsandmathstutor.com/download/Maths/A-level/Papers/Edexcel-IAL/Further-Pure/F1/QP/January%202021%20QP.pdf,596350,OK
Edexcel_IAL,WFM01,WFM01,2021,Jan,ms,papers/ial/WFM01/WFM01_2021_Jan_ms.pdf,https://pmt.physicsandmathstutor.com/download/Maths/A-level/Papers/Edexcel-IAL/Further-Pure/F1/MS/January%202021%20MS.pdf,242669,OK
Edexcel_IAL,WFM01,WFM01,2021,Jun,qp,papers/ial/WFM01/WFM01_2021_Jun_qp.pdf,https://pmt.physicsandmathstutor.com/download/Maths/A-level/Papers/Edexcel-IAL/Further-Pure/F1/QP/June%202021%20QP.pdf,542669,OK
Edexcel_IAL,WFM01,WFM01,2021,Jun,ms,papers/ial/WFM01/WFM01_2021_Jun_ms.pdf,https://pmt.physicsandmathstutor.com/download/Maths/A-level/Papers/Edexcel-IAL/Further-Pure/F1/MS/June%202021%20MS.pdf,308314,OK
Edexcel_IAL,WFM01,WFM01,2021,Oct,qp,papers/ial/WFM01/WFM01_2021_Oct_qp.pdf,https://pmt.physicsandmathstutor.com/download/Maths/A-level/Papers/Edexcel-IAL/Further-Pure/F1/QP/October%202021%20QP.pdf,639891,OK
Edexcel_IAL,WFM01,WFM01,2021,Oct,ms,papers/ial/WFM01/WFM01_2021_Oct_ms.pdf,https://pmt.physicsandmathstutor.com/download/Maths/A-level/Papers/Edexcel-IAL/Further-Pure/F1/MS/October%202021%20MS.pdf,236703,OK
Edexcel_IAL,WFM01,WFM01,2022,Jan,qp,papers/ial/WFM01/WFM01_2022_Jan_qp.pdf,https://pmt.physicsandmathstutor.com/download/Maths/A-level/Papers/Edexcel-IAL/Further-Pure/F1/QP/January%202022%20QP.pdf,676779,OK
Edexcel_IAL,WFM01,WFM01,2022,Jan,ms,papers/ial/WFM01/WFM01_2022_Jan_ms.pdf,https://pmt.physicsandmathstutor.com/download/Maths/A-level/Papers/Edexcel-IAL/Further-Pure/F1/MS/January%202022%20MS.pdf,254073,OK
Edexcel_IAL,WFM01,WFM01,2022,Jun,qp,papers/ial/WFM01/WFM01_2022_Jun_qp.pdf,https://pmt.physicsandmathstutor.com/download/Maths/A-level/Papers/Edexcel-IAL/Further-Pure/F1/QP/June%202022%20QP.pdf,599258,OK
Edexcel_IAL,WFM01,WFM01,2022,Jun,ms,papers/ial/WFM01/WFM01_2022_Jun_ms.pdf,https://pmt.physicsandmathstutor.com/download/Maths/A-level/Papers/Edexcel-IAL/Further-Pure/F1/MS/June%202022%20MS.pdf,409207,OK
Edexcel_IAL,WFM01,WFM01,2022,Oct,qp,,https://pmt.physicsandmathstutor.com/download/Maths/A-level/Papers/Edexcel-IAL/Further-Pure/F1/QP/October%202022%20QP.pdf,,MISSING
Edexcel_IAL,WFM01,WFM01,2022,Oct,ms,,https://pmt.physicsandmathstutor.com/download/Maths/A-level/Papers/Edexcel-IAL/Further-Pure/F1/MS/October%202022%20MS.pdf,,MISSING
Edexcel_IAL,WFM01,WFM01,2023,Jan,qp,papers/ial/WFM01/WFM01_2023_Jan_qp.pdf,https://pmt.physicsandmathstutor.com/download/Maths/A-level/Papers/Edexcel-IAL/Further-Pure/F1/QP/January%202023%20QP.pdf,202094,OK
Edexcel_IAL,WFM01,WFM01,2023,Jan,ms,papers/ial/WFM01/WFM01_2023_Jan_ms.pdf,https://pmt.physicsandmathstutor.com/download/Maths/A-level/Papers/Edexcel-IAL/Further-Pure/F1/MS/January%202023%20MS.pdf,384805,OK
Edexcel_IAL,WFM01,WFM01,2023,Jun,qp,papers/ial/WFM01/WFM01_2023_Jun_qp.pdf,https://pmt.physicsandmathstutor.com/download/Maths/A-level/Papers/Edexcel-IAL/Further-Pure/F1/QP/June%202023%20QP.pdf,217112,OK
Edexcel_IAL,WFM01,WFM01,2023,Jun,ms,papers/ial/WFM01/WFM01_2023_Jun_ms.pdf,https://pmt.physicsandmathstutor.com/download/Maths/A-level/Papers/Edexcel-IAL/Further-Pure/F1/MS/June%202023%20MS.pdf,520464,OK
Edexcel_IAL,WFM01,WFM01,2023,Oct,qp,,https://pmt.physicsandmathstutor.com/download/Maths/A-level/Papers/Edexcel-IAL/Further-Pure/F1/QP/October%202023%20QP.pdf,,MISSING
Edexcel_IAL,WFM01,WFM01,2023,Oct,ms,,https://pmt.physicsandmathstutor.com/download/Maths/A-level/Papers/Edexcel-IAL/Further-Pure/F1/MS/October%202023%20MS.pdf,,MISSING
Edexcel_IAL,WFM01,WFM01,2024,Jan,qp,papers/ial/WFM01/WFM01_2024_Jan_qp.pdf,https://pmt.physicsandmathstutor.com/download/Maths/A-level/Papers/Edexcel-IAL/Further-Pure/F1/QP/January%202024%20QP.pdf,292971,OK
Edexcel_IAL,WFM01,WFM01,2024,Jan,ms,papers/ial/WFM01/WFM01_2024_Jan_ms.pdf,https://pmt.physicsandmathstutor.com/download/Maths/A-level/Papers/Edexcel-IAL/Further-Pure/F1/MS/January%202024%20MS.pdf,372936,OK
Edexcel_IAL,WFM01,WFM01,2024,Jun,qp,papers/ial/WFM01/WFM01_2024_Jun_qp.pdf,https://pmt.physicsandmathstutor.com/download/Maths/A-level/Papers/Edexcel-IAL/Further-Pure/F1/QP/June%202024%20QP.pdf,176601,OK
Edexcel_IAL,WFM01,WFM01,2024,Jun,ms,papers/ial/WFM01/WFM01_2024_Jun_ms.pdf,https://pmt.physicsandmathstutor.com/download/Maths/A-level/Papers/Edexcel-IAL/Further-Pure/F1/MS/June%202024%20MS.pdf,515346,OK
Edexcel_IAL,WFM01,WFM01,2024,Oct,qp,,https://pmt.physicsandmathstutor.com/download/Maths/A-level/Papers/Edexcel-IAL/Further-Pure/F1/QP/October%202024%20QP.pdf,,MISSING
Edexcel_IAL,WFM01,WFM01,2024,Oct,ms,,https://pmt.physicsandmathstutor.com/download/Maths/A-level/Papers/Edexcel-IAL/Further-Pure/F1/MS/October%202024%20MS.pdf,,MISSING
Edexcel_IAL,WFM01,WFM01,2025,Jan,qp,papers/ial/WFM01/WFM01_2025_Jan_qp.pdf,https://pmt.physicsandmathstutor.com/download/Maths/A-level/Papers/Edexcel-IAL/Further-Pure/F1/QP/January%202025%20QP.pdf,267038,OK
Edexcel_IAL,WFM01,WFM01,2025,Jan,ms,papers/ial/WFM01/WFM01_2025_Jan_ms.pdf,https://pmt.physicsandmathstutor.com/download/Maths/A-level/Papers/Edexcel-IAL/Further-Pure/F1/MS/January%202025%20MS.pdf,312156,OK
Edexcel_IAL,WFM01,WFM01,2025,Jun,qp,papers/ial/WFM01/WFM01_2025_Jun_qp.pdf,https://pmt.physicsandmathstutor.com/download/Maths/A-level/Papers/Edexcel-IAL/Further-Pure/F1/QP/June%202025%20QP.pdf,264598,OK
Edexcel_IAL,WFM01,WFM01,2025,Jun,ms,papers/ial/WFM01/WFM01_2025_Jun_ms.pdf,https://pmt.physicsandmathstutor.com/download/Maths/A-level/Papers/Edexcel-IAL/Further-Pure/F1/MS/June%202025%20MS.pdf,591195,OK
Edexcel_IAL,WFM01,WFM01,2025,Oct,qp,,https://pmt.physicsandmathstutor.com/download/Maths/A-level/Papers/Edexcel-IAL/Further-Pure/F1/QP/October%202025%20QP.pdf,,MISSING
Edexcel_IAL,WFM01,WFM01,2025,Oct,ms,,https://pmt.physicsandmathstutor.com/download/Maths/A-level/Papers/Edexcel-IAL/Further-Pure/F1/MS/October%202025%20MS.pdf,,MISSING
